Date,Ward,No_confirmed_cases,
08-Apr-20,Aundh-Baner,3,
08-Apr-20,Kothrud-Bavdhan,1,
08-Apr-20,Warje-Karvenagar,1,
08-Apr-20,Sinhagad Road,5,
08-Apr-20,Dhankawadi-Sahakarnagar,13,
08-Apr-20,Kondhwa-Yewalewadi,6,
08-Apr-20,Shivajinagar-Ghole Road,6,
08-Apr-20,Kasba-Vishrambagwada,17,
08-Apr-20,Bhawani Peth,40,
08-Apr-20,Bibwewadi,4,
08-Apr-20,Dhole Patil,16,
08-Apr-20,Wanawadi-Ramtekdi,5,
08-Apr-20,Hadapsar-Mundhawa,12,
08-Apr-20,Yerwada-Kalas-Dhanori,6,
08-Apr-20,Nagar Road-Wadgaonsheri,1,
09-Apr-20,Aundh-Baner,3,
09-Apr-20,Kothrud-Bavdhan,1,
09-Apr-20,Warje-Karvenagar,1,
09-Apr-20,Sinhagad Road,5,
09-Apr-20,Dhankawadi-Sahakarnagar,13,
09-Apr-20,Kondhwa-Yewalewadi,6,
09-Apr-20,Shivajinagar-Ghole Road,6,
09-Apr-20,Kasba-Vishrambagwada,18,
09-Apr-20,Bhawani Peth,40,
09-Apr-20,Bibwewadi,4,
09-Apr-20,Dhole Patil,16,
09-Apr-20,Wanawadi-Ramtekdi,5,
09-Apr-20,Hadapsar-Mundhawa,13,
09-Apr-20,Yerwada-Kalas-Dhanori,6,
09-Apr-20,Nagar Road-Wadgaonsheri,1,
10-Apr-20,Aundh-Baner,3,
10-Apr-20,Kothrud-Bavdhan,1,
10-Apr-20,Warje-Karvenagar,1,
10-Apr-20,Sinhagad Road,5,
10-Apr-20,Dhankawadi-Sahakarnagar,13,
10-Apr-20,Kondhwa-Yewalewadi,6,
10-Apr-20,Shivajinagar-Ghole Road,6,
10-Apr-20,Kasba-Vishrambagwada,23,
10-Apr-20,Bhawani Peth,42,
10-Apr-20,Bibwewadi,4,
10-Apr-20,Dhole Patil,25,
10-Apr-20,Wanawadi-Ramtekdi,5,
10-Apr-20,Hadapsar-Mundhawa,18,
10-Apr-20,Yerwada-Kalas-Dhanori,6,
10-Apr-20,Nagar Road-Wadgaonsheri,1,
11-Apr-20,Aundh-Baner,3,
11-Apr-20,Kothrud-Bavdhan,1,
11-Apr-20,Warje-Karvenagar,1,
11-Apr-20,Sinhagad Road,5,
11-Apr-20,Dhankawadi-Sahakarnagar,14,
11-Apr-20,Kondhwa-Yewalewadi,8,
11-Apr-20,Shivajinagar-Ghole Road,7,
11-Apr-20,Kasba-Vishrambagwada,29,
11-Apr-20,Bhawani Peth,56,
11-Apr-20,Bibwewadi,8,
11-Apr-20,Dhole Patil,28,
11-Apr-20,Wanawadi-Ramtekdi,8,
11-Apr-20,Hadapsar-Mundhawa,21,
11-Apr-20,Yerwada-Kalas-Dhanori,9,
11-Apr-20,Nagar Road-Wadgaonsheri,3,
12-Apr-20,Aundh-Baner,3,
12-Apr-20,Kothrud-Bavdhan,1,
12-Apr-20,Warje-Karvenagar,1,
12-Apr-20,Sinhagad Road,5,
12-Apr-20,Dhankawadi-Sahakarnagar,19,
12-Apr-20,Kondhwa-Yewalewadi,8,
12-Apr-20,Shivajinagar-Ghole Road,11,
12-Apr-20,Kasba-Vishrambagwada,33,
12-Apr-20,Bhawani Peth,69,
12-Apr-20,Bibwewadi,10,
12-Apr-20,Dhole Patil,31,
12-Apr-20,Wanawadi-Ramtekdi,10,
12-Apr-20,Hadapsar-Mundhawa,21,
12-Apr-20,Yerwada-Kalas-Dhanori,16,
12-Apr-20,Nagar Road-Wadgaonsheri,3,
13-Apr-20,Aundh-Baner,3,
13-Apr-20,Kothrud-Bavdhan,1,
13-Apr-20,Warje-Karvenagar,1,
13-Apr-20,Sinhagad Road,5,
13-Apr-20,Dhankawadi-Sahakarnagar,18,
13-Apr-20,Kondhwa-Yewalewadi,8,
13-Apr-20,Shivajinagar-Ghole Road,11,
13-Apr-20,Kasba-Vishrambagwada,41,
13-Apr-20,Bhawani Peth,78,
13-Apr-20,Bibwewadi,11,
13-Apr-20,Dhole Patil,39,
13-Apr-20,Wanawadi-Ramtekdi,15,
13-Apr-20,Hadapsar-Mundhawa,21,
13-Apr-20,Yerwada-Kalas-Dhanori,17,
13-Apr-20,Nagar Road-Wadgaonsheri,3,
14-Apr-20,Aundh-Baner,3,
14-Apr-20,Kothrud-Bavdhan,1,
14-Apr-20,Warje-Karvenagar,9,
14-Apr-20,Sinhagad Road,5,
14-Apr-20,Dhankawadi-Sahakarnagar,22,
14-Apr-20,Kondhwa-Yewalewadi,8,
14-Apr-20,Shivajinagar-Ghole Road,17,
14-Apr-20,Kasba-Vishrambagwada,42,
14-Apr-20,Bhawani Peth,85,
14-Apr-20,Bibwewadi,12,
14-Apr-20,Dhole Patil,40,
14-Apr-20,Wanawadi-Ramtekdi,18,
14-Apr-20,Hadapsar-Mundhawa,21,
14-Apr-20,Yerwada-Kalas-Dhanori,28,
14-Apr-20,Nagar Road-Wadgaonsheri,4,
15-Apr-20,Aundh-Baner,3,
15-Apr-20,Kothrud-Bavdhan,1,
15-Apr-20,Warje-Karvenagar,9,
15-Apr-20,Sinhagad Road,8,
15-Apr-20,Dhankawadi-Sahakarnagar,26,
15-Apr-20,Kondhwa-Yewalewadi,9,
15-Apr-20,Shivajinagar-Ghole Road,27,
15-Apr-20,Kasba-Vishrambagwada,45,
15-Apr-20,Bhawani Peth,96,
15-Apr-20,Bibwewadi,15,
15-Apr-20,Dhole Patil,48,
15-Apr-20,Wanawadi-Ramtekdi,22,
15-Apr-20,Hadapsar-Mundhawa,21,
15-Apr-20,Yerwada-Kalas-Dhanori,33,
15-Apr-20,Nagar Road-Wadgaonsheri,5,
16-Apr-20,Aundh-Baner,3,
16-Apr-20,Kothrud-Bavdhan,1,
16-Apr-20,Warje-Karvenagar,9,
16-Apr-20,Sinhagad Road,8,
16-Apr-20,Dhankawadi-Sahakarnagar,27,
16-Apr-20,Kondhwa-Yewalewadi,9,
16-Apr-20,Shivajinagar-Ghole Road,28,
16-Apr-20,Kasba-Vishrambagwada,51,
16-Apr-20,Bhawani Peth,118,
16-Apr-20,Bibwewadi,17,
16-Apr-20,Dhole Patil,57,
16-Apr-20,Wanawadi-Ramtekdi,24,
16-Apr-20,Hadapsar-Mundhawa,21,
16-Apr-20,Yerwada-Kalas-Dhanori,43,
16-Apr-20,Nagar Road-Wadgaonsheri,6,
17-Apr-20,Aundh-Baner,3,
17-Apr-20,Kothrud-Bavdhan,1,
17-Apr-20,Warje-Karvenagar,9,
17-Apr-20,Sinhagad Road,8,
17-Apr-20,Dhankawadi-Sahakarnagar,30,
17-Apr-20,Kondhwa-Yewalewadi,9,
17-Apr-20,Shivajinagar-Ghole Road,33,
17-Apr-20,Kasba-Vishrambagwada,63,
17-Apr-20,Bhawani Peth,130,
17-Apr-20,Bibwewadi,20,
17-Apr-20,Dhole Patil,61,
17-Apr-20,Wanawadi-Ramtekdi,54,
17-Apr-20,Hadapsar-Mundhawa,21,
17-Apr-20,Yerwada-Kalas-Dhanori,48,
17-Apr-20,Nagar Road-Wadgaonsheri,6,
18-Apr-20,Aundh-Baner,3,
18-Apr-20,Kothrud-Bavdhan,1,
18-Apr-20,Warje-Karvenagar,9,
18-Apr-20,Sinhagad Road,9,
18-Apr-20,Dhankawadi-Sahakarnagar,32,
18-Apr-20,Kondhwa-Yewalewadi,5,
18-Apr-20,Shivajinagar-Ghole Road,39,
18-Apr-20,Kasba-Vishrambagwada,65,
18-Apr-20,Bhawani Peth,140,
18-Apr-20,Bibwewadi,23,
18-Apr-20,Dhole Patil,70,
18-Apr-20,Wanawadi-Ramtekdi,32,
18-Apr-20,Hadapsar-Mundhawa,23,
18-Apr-20,Yerwada-Kalas-Dhanori,52,
18-Apr-20,Nagar Road-Wadgaonsheri,6,
19-Apr-20,Aundh-Baner,3,
19-Apr-20,Kothrud-Bavdhan,1,
19-Apr-20,Warje-Karvenagar,9,
19-Apr-20,Sinhagad Road,9,
19-Apr-20,Dhankawadi-Sahakarnagar,33,
19-Apr-20,Kondhwa-Yewalewadi,8,
19-Apr-20,Shivajinagar-Ghole Road,49,
19-Apr-20,Kasba-Vishrambagwada,79,
19-Apr-20,Bhawani Peth,149,
19-Apr-20,Bibwewadi,23,
19-Apr-20,Dhole Patil,83,
19-Apr-20,Wanawadi-Ramtekdi,31,
19-Apr-20,Hadapsar-Mundhawa,24,
19-Apr-20,Yerwada-Kalas-Dhanori,60,
19-Apr-20,Nagar Road-Wadgaonsheri,10,
20-Apr-20,Aundh-Baner,2,
20-Apr-20,Kothrud-Bavdhan,1,
20-Apr-20,Warje-Karvenagar,8,
20-Apr-20,Sinhagad Road,8,
20-Apr-20,Dhankawadi-Sahakarnagar,33,
20-Apr-20,Kondhwa-Yewalewadi,10,
20-Apr-20,Shivajinagar-Ghole Road,59,
20-Apr-20,Kasba-Vishrambagwada,93,
20-Apr-20,Bhawani Peth,157,
20-Apr-20,Bibwewadi,23,
20-Apr-20,Dhole Patil,96,
20-Apr-20,Wanawadi-Ramtekdi,30,
20-Apr-20,Hadapsar-Mundhawa,24,
20-Apr-20,Yerwada-Kalas-Dhanori,67,
20-Apr-20,Nagar Road-Wadgaonsheri,13,
21-Apr-20,Aundh-Baner,2,
21-Apr-20,Kothrud-Bavdhan,1,
21-Apr-20,Warje-Karvenagar,8,
21-Apr-20,Sinhagad Road,8,
21-Apr-20,Dhankawadi-Sahakarnagar,38,
21-Apr-20,Kondhwa-Yewalewadi,10,
21-Apr-20,Shivajinagar-Ghole Road,59,
21-Apr-20,Kasba-Vishrambagwada,102,
21-Apr-20,Bhawani Peth,168,
21-Apr-20,Bibwewadi,24,
21-Apr-20,Dhole Patil,97,
21-Apr-20,Wanawadi-Ramtekdi,32,
21-Apr-20,Hadapsar-Mundhawa,26,
21-Apr-20,Yerwada-Kalas-Dhanori,68,
21-Apr-20,Nagar Road-Wadgaonsheri,16,
22-Apr-20,Aundh-Baner,2,
22-Apr-20,Kothrud-Bavdhan,1,
22-Apr-20,Warje-Karvenagar,9,
22-Apr-20,Sinhagad Road,9,
22-Apr-20,Dhankawadi-Sahakarnagar,43,
22-Apr-20,Kondhwa-Yewalewadi,12,
22-Apr-20,Shivajinagar-Ghole Road,77,
22-Apr-20,Kasba-Vishrambagwada,111,
22-Apr-20,Bhawani Peth,171,
22-Apr-20,Bibwewadi,24,
22-Apr-20,Dhole Patil,110,
22-Apr-20,Wanawadi-Ramtekdi,34,
22-Apr-20,Hadapsar-Mundhawa,26,
22-Apr-20,Yerwada-Kalas-Dhanori,82,
22-Apr-20,Nagar Road-Wadgaonsheri,18,
23-Apr-20,Aundh-Baner,3,
23-Apr-20,Kothrud-Bavdhan,1,
23-Apr-20,Warje-Karvenagar,9,
23-Apr-20,Sinhagad Road,10,
23-Apr-20,Dhankawadi-Sahakarnagar,45,
23-Apr-20,Kondhwa-Yewalewadi,12,
23-Apr-20,Shivajinagar-Ghole Road,90,
23-Apr-20,Kasba-Vishrambagwada,114,
23-Apr-20,Bhawani Peth,187,
23-Apr-20,Bibwewadi,26,
23-Apr-20,Dhole Patil,122,
23-Apr-20,Wanawadi-Ramtekdi,43,
23-Apr-20,Hadapsar-Mundhawa,28,
23-Apr-20,Yerwada-Kalas-Dhanori,101,
23-Apr-20,Nagar Road-Wadgaonsheri,21,
24-Apr-20,Aundh-Baner,3,
24-Apr-20,Kothrud-Bavdhan,1,
24-Apr-20,Warje-Karvenagar,9,
24-Apr-20,Sinhagad Road,10,
24-Apr-20,Dhankawadi-Sahakarnagar,49,
24-Apr-20,Kondhwa-Yewalewadi,12,
24-Apr-20,Shivajinagar-Ghole Road,110,
24-Apr-20,Kasba-Vishrambagwada,124,
24-Apr-20,Bhawani Peth,195,
24-Apr-20,Bibwewadi,30,
24-Apr-20,Dhole Patil,134,
24-Apr-20,Wanawadi-Ramtekdi,44,
24-Apr-20,Hadapsar-Mundhawa,28,
24-Apr-20,Yerwada-Kalas-Dhanori,104,
24-Apr-20,Nagar Road-Wadgaonsheri,26,
25-Apr-20,Aundh-Baner,3,
25-Apr-20,Kothrud-Bavdhan,1,
25-Apr-20,Warje-Karvenagar,9,
25-Apr-20,Sinhagad Road,10,
25-Apr-20,Dhankawadi-Sahakarnagar,55,
25-Apr-20,Kondhwa-Yewalewadi,13,
25-Apr-20,Shivajinagar-Ghole Road,133,
25-Apr-20,Kasba-Vishrambagwada,127,
25-Apr-20,Bhawani Peth,214,
25-Apr-20,Bibwewadi,31,
25-Apr-20,Dhole Patil,160,
25-Apr-20,Wanawadi-Ramtekdi,54,
25-Apr-20,Hadapsar-Mundhawa,30,
25-Apr-20,Yerwada-Kalas-Dhanori,119,
25-Apr-20,Nagar Road-Wadgaonsheri,29,
26-Apr-20,Aundh-Baner,4,
26-Apr-20,Kothrud-Bavdhan,2,
26-Apr-20,Warje-Karvenagar,9,
26-Apr-20,Sinhagad Road,10,
26-Apr-20,Dhankawadi-Sahakarnagar,61,
26-Apr-20,Kondhwa-Yewalewadi,16,
26-Apr-20,Shivajinagar-Ghole Road,142,
26-Apr-20,Kasba-Vishrambagwada,131,
26-Apr-20,Bhawani Peth,245,
26-Apr-20,Bibwewadi,32,
26-Apr-20,Dhole Patil,163,
26-Apr-20,Wanawadi-Ramtekdi,56,
26-Apr-20,Hadapsar-Mundhawa,32,
26-Apr-20,Yerwada-Kalas-Dhanori,127,
26-Apr-20,Nagar Road-Wadgaonsheri,30,
27-Apr-20,Aundh-Baner,4,
27-Apr-20,Kothrud-Bavdhan,2,
27-Apr-20,Warje-Karvenagar,9,
27-Apr-20,Sinhagad Road,11,
27-Apr-20,Dhankawadi-Sahakarnagar,62,
27-Apr-20,Kondhwa-Yewalewadi,16,
27-Apr-20,Shivajinagar-Ghole Road,157,
27-Apr-20,Kasba-Vishrambagwada,134,
27-Apr-20,Bhawani Peth,250,
27-Apr-20,Bibwewadi,33,
27-Apr-20,Dhole Patil,184,
27-Apr-20,Wanawadi-Ramtekdi,58,
27-Apr-20,Hadapsar-Mundhawa,41,
27-Apr-20,Yerwada-Kalas-Dhanori,139,
27-Apr-20,Nagar Road-Wadgaonsheri,30,
28-Apr-20,Aundh-Baner,4,
28-Apr-20,Kothrud-Bavdhan,2,
28-Apr-20,Warje-Karvenagar,9,
28-Apr-20,Sinhagad Road,11,
28-Apr-20,Dhankawadi-Sahakarnagar,62,
28-Apr-20,Kondhwa-Yewalewadi,19,
28-Apr-20,Shivajinagar-Ghole Road,175,
28-Apr-20,Kasba-Vishrambagwada,154,
28-Apr-20,Bhawani Peth,263,
28-Apr-20,Bibwewadi,36,
28-Apr-20,Dhole Patil,190,
28-Apr-20,Wanawadi-Ramtekdi,61,
28-Apr-20,Hadapsar-Mundhawa,43,
28-Apr-20,Yerwada-Kalas-Dhanori,158,
28-Apr-20,Nagar Road-Wadgaonsheri,31,
29-Apr-20,Aundh-Baner,4,
29-Apr-20,Kothrud-Bavdhan,2,
29-Apr-20,Warje-Karvenagar,9,
29-Apr-20,Sinhagad Road,11,
29-Apr-20,Dhankawadi-Sahakarnagar,64,
29-Apr-20,Kondhwa-Yewalewadi,19,
29-Apr-20,Shivajinagar-Ghole Road,190,
29-Apr-20,Kasba-Vishrambagwada,157,
29-Apr-20,Bhawani Peth,266,
29-Apr-20,Bibwewadi,36,
29-Apr-20,Dhole Patil,203,
29-Apr-20,Wanawadi-Ramtekdi,63,
29-Apr-20,Hadapsar-Mundhawa,51,
29-Apr-20,Yerwada-Kalas-Dhanori,167,
29-Apr-20,Nagar Road-Wadgaonsheri,35,
30-Apr-20,Aundh-Baner,4,
30-Apr-20,Kothrud-Bavdhan,2,
30-Apr-20,Warje-Karvenagar,9,
30-Apr-20,Sinhagad Road,11,
30-Apr-20,Dhankawadi-Sahakarnagar,92,
30-Apr-20,Kondhwa-Yewalewadi,23,
30-Apr-20,Shivajinagar-Ghole Road,208,
30-Apr-20,Kasba-Vishrambagwada,154,
30-Apr-20,Bhawani Peth,295,
30-Apr-20,Bibwewadi,45,
30-Apr-20,Dhole Patil,224,
30-Apr-20,Wanawadi-Ramtekdi,76,
30-Apr-20,Hadapsar-Mundhawa,52,
30-Apr-20,Yerwada-Kalas-Dhanori,169,
30-Apr-20,Nagar Road-Wadgaonsheri,38,
01-May-20,Aundh-Baner,4,
01-May-20,Kothrud-Bavdhan,3,
01-May-20,Warje-Karvenagar,9,
01-May-20,Sinhagad Road,11,
01-May-20,Dhankawadi-Sahakarnagar,121,
01-May-20,Kondhwa-Yewalewadi,28,
01-May-20,Shivajinagar-Ghole Road,227,
01-May-20,Kasba-Vishrambagwada,151,
01-May-20,Bhawani Peth,325,
01-May-20,Bibwewadi,55,
01-May-20,Dhole Patil,246,
01-May-20,Wanawadi-Ramtekdi,90,
01-May-20,Hadapsar-Mundhawa,54,
01-May-20,Yerwada-Kalas-Dhanori,172,
01-May-20,Nagar Road-Wadgaonsheri,42,
02-May-20,Aundh-Baner,4,
02-May-20,Kothrud-Bavdhan,4,
02-May-20,Warje-Karvenagar,9,
02-May-20,Sinhagad Road,12,
02-May-20,Dhankawadi-Sahakarnagar,121,
02-May-20,Kondhwa-Yewalewadi,29,
02-May-20,Shivajinagar-Ghole Road,237,
02-May-20,Kasba-Vishrambagwada,156,
02-May-20,Bhawani Peth,352,
02-May-20,Bibwewadi,64,
02-May-20,Dhole Patil,267,
02-May-20,Wanawadi-Ramtekdi,90,
02-May-20,Hadapsar-Mundhawa,55,
02-May-20,Yerwada-Kalas-Dhanori,182,
02-May-20,Nagar Road-Wadgaonsheri,48,
03-May-20,Aundh-Baner,4,
03-May-20,Kothrud-Bavdhan,4,
03-May-20,Warje-Karvenagar,10,
03-May-20,Sinhagad Road,12,
03-May-20,Dhankawadi-Sahakarnagar,121,
03-May-20,Kondhwa-Yewalewadi,29,
03-May-20,Shivajinagar-Ghole Road,240,
03-May-20,Kasba-Vishrambagwada,158,
03-May-20,Bhawani Peth,391,
03-May-20,Bibwewadi,68,
03-May-20,Dhole Patil,290,
03-May-20,Wanawadi-Ramtekdi,95,
03-May-20,Hadapsar-Mundhawa,55,
03-May-20,Yerwada-Kalas-Dhanori,194,
03-May-20,Nagar Road-Wadgaonsheri,49,
04-May-20,Aundh-Baner,4,
04-May-20,Kothrud-Bavdhan,5,
04-May-20,Warje-Karvenagar,10,
04-May-20,Sinhagad Road,16,
04-May-20,Dhankawadi-Sahakarnagar,124,
04-May-20,Kondhwa-Yewalewadi,30,
04-May-20,Shivajinagar-Ghole Road,242,
04-May-20,Kasba-Vishrambagwada,169,
04-May-20,Bhawani Peth,416,
04-May-20,Bibwewadi,71,
04-May-20,Dhole Patil,314,
04-May-20,Wanawadi-Ramtekdi,96,
04-May-20,Hadapsar-Mundhawa,56,
04-May-20,Yerwada-Kalas-Dhanori,214,
04-May-20,Nagar Road-Wadgaonsheri,55,
05-May-20,Aundh-Baner,4,
05-May-20,Kothrud-Bavdhan,5,
05-May-20,Warje-Karvenagar,11,
05-May-20,Sinhagad Road,16,
05-May-20,Dhankawadi-Sahakarnagar,124,
05-May-20,Kondhwa-Yewalewadi,33,
05-May-20,Shivajinagar-Ghole Road,243,
05-May-20,Kasba-Vishrambagwada,172,
05-May-20,Bhawani Peth,433,
05-May-20,Bibwewadi,76,
05-May-20,Dhole Patil,322,
05-May-20,Wanawadi-Ramtekdi,104,
05-May-20,Hadapsar-Mundhawa,58,
05-May-20,Yerwada-Kalas-Dhanori,217,
05-May-20,Nagar Road-Wadgaonsheri,57,
06-May-20,Aundh-Baner,6,
06-May-20,Kothrud-Bavdhan,3,
06-May-20,Warje-Karvenagar,15,
06-May-20,Sinhagad Road,12,
06-May-20,Dhankawadi-Sahakarnagar,79,
06-May-20,Kondhwa-Yewalewadi,29,
06-May-20,Shivajinagar-Ghole Road,247,
06-May-20,Kasba-Vishrambagwada,172,
06-May-20,Bhawani Peth,451,
06-May-20,Bibwewadi,85,
06-May-20,Dhole Patil,347,
06-May-20,Wanawadi-Ramtekdi,110,
06-May-20,Hadapsar-Mundhawa,52,
06-May-20,Yerwada-Kalas-Dhanori,236,
06-May-20,Nagar Road-Wadgaonsheri,56,
07-May-20,Aundh-Baner,6,
07-May-20,Kothrud-Bavdhan,3,
07-May-20,Warje-Karvenagar,15,
07-May-20,Sinhagad Road,12,
07-May-20,Dhankawadi-Sahakarnagar,90,
07-May-20,Kondhwa-Yewalewadi,30,
07-May-20,Shivajinagar-Ghole Road,263,
07-May-20,Kasba-Vishrambagwada,201,
07-May-20,Bhawani Peth,463,
07-May-20,Bibwewadi,97,
07-May-20,Dhole Patil,359,
07-May-20,Wanawadi-Ramtekdi,114,
07-May-20,Hadapsar-Mundhawa,54,
07-May-20,Yerwada-Kalas-Dhanori,247,
07-May-20,Nagar Road-Wadgaonsheri,58,
08-May-20,Aundh-Baner,6,
08-May-20,Kothrud-Bavdhan,3,
08-May-20,Warje-Karvenagar,15,
08-May-20,Sinhagad Road,13,
08-May-20,Dhankawadi-Sahakarnagar,101,
08-May-20,Kondhwa-Yewalewadi,31,
08-May-20,Shivajinagar-Ghole Road,279,
08-May-20,Kasba-Vishrambagwada,230,
08-May-20,Bhawani Peth,475,
08-May-20,Bibwewadi,109,
08-May-20,Dhole Patil,371,
08-May-20,Wanawadi-Ramtekdi,118,
08-May-20,Hadapsar-Mundhawa,56,
08-May-20,Yerwada-Kalas-Dhanori,258,
08-May-20,Nagar Road-Wadgaonsheri,60,
09-May-20,Aundh-Baner,5,
09-May-20,Kothrud-Bavdhan,3,
09-May-20,Warje-Karvenagar,15,
09-May-20,Sinhagad Road,14,
09-May-20,Dhankawadi-Sahakarnagar,110,
09-May-20,Kondhwa-Yewalewadi,32,
09-May-20,Shivajinagar-Ghole Road,295,
09-May-20,Kasba-Vishrambagwada,259,
09-May-20,Bhawani Peth,487,
09-May-20,Bibwewadi,121,
09-May-20,Dhole Patil,383,
09-May-20,Wanawadi-Ramtekdi,122,
09-May-20,Hadapsar-Mundhawa,58,
09-May-20,Yerwada-Kalas-Dhanori,269,
09-May-20,Nagar Road-Wadgaonsheri,61,
10-May-20,Aundh-Baner,6,
10-May-20,Kothrud-Bavdhan,4,
10-May-20,Warje-Karvenagar,15,
10-May-20,Sinhagad Road,15,
10-May-20,Dhankawadi-Sahakarnagar,122,
10-May-20,Kondhwa-Yewalewadi,33,
10-May-20,Shivajinagar-Ghole Road,311,
10-May-20,Kasba-Vishrambagwada,288,
10-May-20,Bhawani Peth,499,
10-May-20,Bibwewadi,133,
10-May-20,Dhole Patil,395,
10-May-20,Wanawadi-Ramtekdi,126,
10-May-20,Hadapsar-Mundhawa,60,
10-May-20,Yerwada-Kalas-Dhanori,280,
10-May-20,Nagar Road-Wadgaonsheri,63,
11-May-20,Aundh-Baner,5,
11-May-20,Kothrud-Bavdhan,4,
11-May-20,Warje-Karvenagar,15,
11-May-20,Sinhagad Road,15,
11-May-20,Dhankawadi-Sahakarnagar,135,
11-May-20,Kondhwa-Yewalewadi,34,
11-May-20,Shivajinagar-Ghole Road,326,
11-May-20,Kasba-Vishrambagwada,319,
11-May-20,Bhawani Peth,511,
11-May-20,Bibwewadi,145,
11-May-20,Dhole Patil,409,
11-May-20,Wanawadi-Ramtekdi,132,
11-May-20,Hadapsar-Mundhawa,64,
11-May-20,Yerwada-Kalas-Dhanori,294,
11-May-20,Nagar Road-Wadgaonsheri,65,
12-May-20,Aundh-Baner,5,
12-May-20,Kothrud-Bavdhan,6,
12-May-20,Warje-Karvenagar,17,
12-May-20,Sinhagad Road,15,
12-May-20,Dhankawadi-Sahakarnagar,141,
12-May-20,Kondhwa-Yewalewadi,39,
12-May-20,Shivajinagar-Ghole Road,334,
12-May-20,Kasba-Vishrambagwada,327,
12-May-20,Bhawani Peth,533,
12-May-20,Bibwewadi,146,
12-May-20,Dhole Patil,456,
12-May-20,Wanawadi-Ramtekdi,135,
12-May-20,Hadapsar-Mundhawa,66,
12-May-20,Yerwada-Kalas-Dhanori,336,
12-May-20,Nagar Road-Wadgaonsheri,75,
13-May-20,Aundh-Baner,5,
13-May-20,Kothrud-Bavdhan,6,
13-May-20,Warje-Karvenagar,17,
13-May-20,Sinhagad Road,16,
13-May-20,Dhankawadi-Sahakarnagar,145,
13-May-20,Kondhwa-Yewalewadi,41,
13-May-20,Shivajinagar-Ghole Road,339,
13-May-20,Kasba-Vishrambagwada,344,
13-May-20,Bhawani Peth,547,
13-May-20,Bibwewadi,153,
13-May-20,Dhole Patil,466,
13-May-20,Wanawadi-Ramtekdi,146,
13-May-20,Hadapsar-Mundhawa,68,
13-May-20,Yerwada-Kalas-Dhanori,342,
13-May-20,Nagar Road-Wadgaonsheri,79,
14-May-20,Aundh-Baner,5,
14-May-20,Kothrud-Bavdhan,7,
14-May-20,Warje-Karvenagar,18,
14-May-20,Sinhagad Road,19,
14-May-20,Dhankawadi-Sahakarnagar,153,
14-May-20,Kondhwa-Yewalewadi,42,
14-May-20,Shivajinagar-Ghole Road,344,
14-May-20,Kasba-Vishrambagwada,360,
14-May-20,Bhawani Peth,564,
14-May-20,Bibwewadi,158,
14-May-20,Dhole Patil,525,
14-May-20,Wanawadi-Ramtekdi,149,
14-May-20,Hadapsar-Mundhawa,70,
14-May-20,Yerwada-Kalas-Dhanori,373,
14-May-20,Nagar Road-Wadgaonsheri,88,
15-May-20,Aundh-Baner,6,
15-May-20,Kothrud-Bavdhan,9,
15-May-20,Warje-Karvenagar,21,
15-May-20,Sinhagad Road,21,
15-May-20,Dhankawadi-Sahakarnagar,159,
15-May-20,Kondhwa-Yewalewadi,46,
15-May-20,Shivajinagar-Ghole Road,350,
15-May-20,Kasba-Vishrambagwada,368,
15-May-20,Bhawani Peth,571,
15-May-20,Bibwewadi,165,
15-May-20,Dhole Patil,560,
15-May-20,Wanawadi-Ramtekdi,155,
15-May-20,Hadapsar-Mundhawa,70,
15-May-20,Yerwada-Kalas-Dhanori,389,
15-May-20,Nagar Road-Wadgaonsheri,88,
16-May-20,Aundh-Baner,8,
16-May-20,Kothrud-Bavdhan,9,
16-May-20,Warje-Karvenagar,24,
16-May-20,Sinhagad Road,33,
16-May-20,Dhankawadi-Sahakarnagar,168,
16-May-20,Kondhwa-Yewalewadi,52,
16-May-20,Shivajinagar-Ghole Road,355,
16-May-20,Kasba-Vishrambagwada,374,
16-May-20,Bhawani Peth,607,
16-May-20,Bibwewadi,169,
16-May-20,Dhole Patil,605,
16-May-20,Wanawadi-Ramtekdi,171,
16-May-20,Hadapsar-Mundhawa,77,
16-May-20,Yerwada-Kalas-Dhanori,421,
16-May-20,Nagar Road-Wadgaonsheri,99,
17-May-20,Aundh-Baner,8,
17-May-20,Kothrud-Bavdhan,9,
17-May-20,Warje-Karvenagar,26,
17-May-20,Sinhagad Road,43,
17-May-20,Dhankawadi-Sahakarnagar,177,
17-May-20,Kondhwa-Yewalewadi,58,
17-May-20,Shivajinagar-Ghole Road,360,
17-May-20,Kasba-Vishrambagwada,391,
17-May-20,Bhawani Peth,627,
17-May-20,Bibwewadi,182,
17-May-20,Dhole Patil,700,
17-May-20,Wanawadi-Ramtekdi,178,
17-May-20,Hadapsar-Mundhawa,82,
17-May-20,Yerwada-Kalas-Dhanori,431,
17-May-20,Nagar Road-Wadgaonsheri,101,
18-May-20,Aundh-Baner,8,
18-May-20,Kothrud-Bavdhan,9,
18-May-20,Warje-Karvenagar,27,
18-May-20,Sinhagad Road,44,
18-May-20,Dhankawadi-Sahakarnagar,182,
18-May-20,Kondhwa-Yewalewadi,60,
18-May-20,Shivajinagar-Ghole Road,362,
18-May-20,Kasba-Vishrambagwada,404,
18-May-20,Bhawani Peth,639,
18-May-20,Bibwewadi,186,
18-May-20,Dhole Patil,717,
18-May-20,Wanawadi-Ramtekdi,186,
18-May-20,Hadapsar-Mundhawa,87,
18-May-20,Yerwada-Kalas-Dhanori,455,
18-May-20,Nagar Road-Wadgaonsheri,105,
19-May-20,Aundh-Baner,8,
19-May-20,Kothrud-Bavdhan,9,
19-May-20,Warje-Karvenagar,27,
19-May-20,Sinhagad Road,51,
19-May-20,Dhankawadi-Sahakarnagar,189,
19-May-20,Kondhwa-Yewalewadi,64,
19-May-20,Shivajinagar-Ghole Road,366,
19-May-20,Kasba-Vishrambagwada,413,
19-May-20,Bhawani Peth,646,
19-May-20,Bibwewadi,194,
19-May-20,Dhole Patil,774,
19-May-20,Wanawadi-Ramtekdi,189,
19-May-20,Hadapsar-Mundhawa,91,
19-May-20,Yerwada-Kalas-Dhanori,474,
19-May-20,Nagar Road-Wadgaonsheri,111,
20-May-20,Aundh-Baner,8,
20-May-20,Kothrud-Bavdhan,10,
20-May-20,Warje-Karvenagar,31,
20-May-20,Sinhagad Road,58,
20-May-20,Dhankawadi-Sahakarnagar,194,
20-May-20,Kondhwa-Yewalewadi,66,
20-May-20,Shivajinagar-Ghole Road,375,
20-May-20,Kasba-Vishrambagwada,421,
20-May-20,Bhawani Peth,665,
20-May-20,Bibwewadi,210,
20-May-20,Dhole Patil,827,
20-May-20,Wanawadi-Ramtekdi,191,
20-May-20,Hadapsar-Mundhawa,97,
20-May-20,Yerwada-Kalas-Dhanori,487,
20-May-20,Nagar Road-Wadgaonsheri,114,
21-May-20,Aundh-Baner,10,
21-May-20,Kothrud-Bavdhan,11,
21-May-20,Warje-Karvenagar,33,
21-May-20,Sinhagad Road,61,
21-May-20,Dhankawadi-Sahakarnagar,198,
21-May-20,Kondhwa-Yewalewadi,79,
21-May-20,Shivajinagar-Ghole Road,379,
21-May-20,Kasba-Vishrambagwada,441,
21-May-20,Bhawani Peth,671,
21-May-20,Bibwewadi,235,
21-May-20,Dhole Patil,874,
21-May-20,Wanawadi-Ramtekdi,207,
21-May-20,Hadapsar-Mundhawa,107,
21-May-20,Yerwada-Kalas-Dhanori,515,
21-May-20,Nagar Road-Wadgaonsheri,127,
22-May-20,Aundh-Baner,10,
22-May-20,Kothrud-Bavdhan,14,
22-May-20,Warje-Karvenagar,35,
22-May-20,Sinhagad Road,65,
22-May-20,Dhankawadi-Sahakarnagar,203,
22-May-20,Kondhwa-Yewalewadi,81,
22-May-20,Shivajinagar-Ghole Road,388,
22-May-20,Kasba-Vishrambagwada,464,
22-May-20,Bhawani Peth,685,
22-May-20,Bibwewadi,271,
22-May-20,Dhole Patil,972,
22-May-20,Wanawadi-Ramtekdi,221,
22-May-20,Hadapsar-Mundhawa,120,
22-May-20,Yerwada-Kalas-Dhanori,577,
22-May-20,Nagar Road-Wadgaonsheri,140,
23-May-20,Aundh-Baner,10,
23-May-20,Kothrud-Bavdhan,14,
23-May-20,Warje-Karvenagar,35,
23-May-20,Sinhagad Road,70,
23-May-20,Dhankawadi-Sahakarnagar,205,
23-May-20,Kondhwa-Yewalewadi,83,
23-May-20,Shivajinagar-Ghole Road,410,
23-May-20,Kasba-Vishrambagwada,483,
23-May-20,Bhawani Peth,710,
23-May-20,Bibwewadi,277,
23-May-20,Dhole Patil,1019,
23-May-20,Wanawadi-Ramtekdi,231,
23-May-20,Hadapsar-Mundhawa,130,
23-May-20,Yerwada-Kalas-Dhanori,609,
23-May-20,Nagar Road-Wadgaonsheri,146,
24-May-20,Aundh-Baner,11,
24-May-20,Kothrud-Bavdhan,17,
24-May-20,Warje-Karvenagar,36,
24-May-20,Sinhagad Road,78,
24-May-20,Dhankawadi-Sahakarnagar,211,
24-May-20,Kondhwa-Yewalewadi,85,
24-May-20,Shivajinagar-Ghole Road,419,
24-May-20,Kasba-Vishrambagwada,496,
24-May-20,Bhawani Peth,720,
24-May-20,Bibwewadi,302,
24-May-20,Dhole Patil,1057,
24-May-20,Wanawadi-Ramtekdi,251,
24-May-20,Hadapsar-Mundhawa,134,
24-May-20,Yerwada-Kalas-Dhanori,640,
24-May-20,Nagar Road-Wadgaonsheri,151,
25-May-20,Aundh-Baner,11,
25-May-20,Kothrud-Bavdhan,21,
25-May-20,Warje-Karvenagar,37,
25-May-20,Sinhagad Road,86,
25-May-20,Dhankawadi-Sahakarnagar,216,
25-May-20,Kondhwa-Yewalewadi,86,
25-May-20,Shivajinagar-Ghole Road,443,
25-May-20,Kasba-Vishrambagwada,515,
25-May-20,Bhawani Peth,767,
25-May-20,Bibwewadi,312,
25-May-20,Dhole Patil,1187,
25-May-20,Wanawadi-Ramtekdi,274,
25-May-20,Hadapsar-Mundhawa,157,
25-May-20,Yerwada-Kalas-Dhanori,699,
25-May-20,Nagar Road-Wadgaonsheri,168,
26-May-20,Aundh-Baner,13,
26-May-20,Kothrud-Bavdhan,23,
26-May-20,Warje-Karvenagar,39,
26-May-20,Sinhagad Road,87,
26-May-20,Dhankawadi-Sahakarnagar,227,
26-May-20,Kondhwa-Yewalewadi,87,
26-May-20,Shivajinagar-Ghole Road,449,
26-May-20,Kasba-Vishrambagwada,520,
26-May-20,Bhawani Peth,772,
26-May-20,Bibwewadi,397,
26-May-20,Dhole Patil,1237,
26-May-20,Wanawadi-Ramtekdi,286,
26-May-20,Hadapsar-Mundhawa,176,
26-May-20,Yerwada-Kalas-Dhanori,738,
26-May-20,Nagar Road-Wadgaonsheri,176,
27-May-20,Aundh-Baner,13,
27-May-20,Kothrud-Bavdhan,24,
27-May-20,Warje-Karvenagar,40,
27-May-20,Sinhagad Road,88,
27-May-20,Dhankawadi-Sahakarnagar,232,
27-May-20,Kondhwa-Yewalewadi,94,
27-May-20,Shivajinagar-Ghole Road,457,
27-May-20,Kasba-Vishrambagwada,537,
27-May-20,Bhawani Peth,792,
27-May-20,Bibwewadi,409,
27-May-20,Dhole Patil,1244,
27-May-20,Wanawadi-Ramtekdi,292,
27-May-20,Hadapsar-Mundhawa,184,
27-May-20,Yerwada-Kalas-Dhanori,746,
27-May-20,Nagar Road-Wadgaonsheri,179,
28-May-20,Aundh-Baner,20,
28-May-20,Kothrud-Bavdhan,28,
28-May-20,Warje-Karvenagar,42,
28-May-20,Sinhagad Road,127,
28-May-20,Dhankawadi-Sahakarnagar,241,
28-May-20,Kondhwa-Yewalewadi,98,
28-May-20,Shivajinagar-Ghole Road,477,
28-May-20,Kasba-Vishrambagwada,547,
28-May-20,Bhawani Peth,802,
28-May-20,Bibwewadi,436,
28-May-20,Dhole Patil,1304,
28-May-20,Wanawadi-Ramtekdi,324,
28-May-20,Hadapsar-Mundhawa,197,
28-May-20,Yerwada-Kalas-Dhanori,788,
28-May-20,Nagar Road-Wadgaonsheri,185,
29-May-20,Aundh-Baner,24,
29-May-20,Kothrud-Bavdhan,30,
29-May-20,Warje-Karvenagar,43,
29-May-20,Sinhagad Road,138,
29-May-20,Dhankawadi-Sahakarnagar,253,
29-May-20,Kondhwa-Yewalewadi,104,
29-May-20,Shivajinagar-Ghole Road,494,
29-May-20,Kasba-Vishrambagwada,570,
29-May-20,Bhawani Peth,816,
29-May-20,Bibwewadi,451,
29-May-20,Dhole Patil,1383,
29-May-20,Wanawadi-Ramtekdi,337,
29-May-20,Hadapsar-Mundhawa,202,
29-May-20,Yerwada-Kalas-Dhanori,813,
29-May-20,Nagar Road-Wadgaonsheri,193,
30-May-20,Aundh-Baner,29,
30-May-20,Kothrud-Bavdhan,30,
30-May-20,Warje-Karvenagar,44,
30-May-20,Sinhagad Road,140,
30-May-20,Dhankawadi-Sahakarnagar,257,
30-May-20,Kondhwa-Yewalewadi,104,
30-May-20,Shivajinagar-Ghole Road,506,
30-May-20,Kasba-Vishrambagwada,573,
30-May-20,Bhawani Peth,818,
30-May-20,Bibwewadi,457,
30-May-20,Dhole Patil,1392,
30-May-20,Wanawadi-Ramtekdi,349,
30-May-20,Hadapsar-Mundhawa,216,
30-May-20,Yerwada-Kalas-Dhanori,829,
30-May-20,Nagar Road-Wadgaonsheri,198,
31-May-20,Aundh-Baner,32,
31-May-20,Kothrud-Bavdhan,32,
31-May-20,Warje-Karvenagar,45,
31-May-20,Sinhagad Road,193,
31-May-20,Dhankawadi-Sahakarnagar,268,
31-May-20,Kondhwa-Yewalewadi,107,
31-May-20,Shivajinagar-Ghole Road,528,
31-May-20,Kasba-Vishrambagwada,592,
31-May-20,Bhawani Peth,822,
31-May-20,Bibwewadi,468,
31-May-20,Dhole Patil,1442,
31-May-20,Wanawadi-Ramtekdi,363,
31-May-20,Hadapsar-Mundhawa,236,
31-May-20,Yerwada-Kalas-Dhanori,851,
31-May-20,Nagar Road-Wadgaonsheri,210,
01-Jun-20,Aundh-Baner,33,
01-Jun-20,Kothrud-Bavdhan,36,
01-Jun-20,Warje-Karvenagar,45,
01-Jun-20,Sinhagad Road,195,
01-Jun-20,Dhankawadi-Sahakarnagar,269,
01-Jun-20,Kondhwa-Yewalewadi,108,
01-Jun-20,Shivajinagar-Ghole Road,544,
01-Jun-20,Kasba-Vishrambagwada,599,
01-Jun-20,Bhawani Peth,828,
01-Jun-20,Bibwewadi,469,
01-Jun-20,Dhole Patil,1461,
01-Jun-20,Wanawadi-Ramtekdi,371,
01-Jun-20,Hadapsar-Mundhawa,243,
01-Jun-20,Yerwada-Kalas-Dhanori,861,
01-Jun-20,Nagar Road-Wadgaonsheri,214,
02-Jun-20,Aundh-Baner,34,
02-Jun-20,Kothrud-Bavdhan,39,
02-Jun-20,Warje-Karvenagar,47,
02-Jun-20,Sinhagad Road,215,
02-Jun-20,Dhankawadi-Sahakarnagar,280,
02-Jun-20,Kondhwa-Yewalewadi,113,
02-Jun-20,Shivajinagar-Ghole Road,572,
02-Jun-20,Kasba-Vishrambagwada,621,
02-Jun-20,Bhawani Peth,842,
02-Jun-20,Bibwewadi,477,
02-Jun-20,Dhole Patil,1496,
02-Jun-20,Wanawadi-Ramtekdi,404,
02-Jun-20,Hadapsar-Mundhawa,271,
02-Jun-20,Yerwada-Kalas-Dhanori,882,
02-Jun-20,Nagar Road-Wadgaonsheri,232,
03-Jun-20,Aundh-Baner,47,
03-Jun-20,Kothrud-Bavdhan,45,
03-Jun-20,Warje-Karvenagar,47,
03-Jun-20,Sinhagad Road,268,
03-Jun-20,Dhankawadi-Sahakarnagar,292,
03-Jun-20,Kondhwa-Yewalewadi,119,
03-Jun-20,Shivajinagar-Ghole Road,606,
03-Jun-20,Kasba-Vishrambagwada,645,
03-Jun-20,Bhawani Peth,854,
03-Jun-20,Bibwewadi,499,
03-Jun-20,Dhole Patil,1531,
03-Jun-20,Wanawadi-Ramtekdi,424,
03-Jun-20,Hadapsar-Mundhawa,283,
03-Jun-20,Yerwada-Kalas-Dhanori,909,
03-Jun-20,Nagar Road-Wadgaonsheri,244,
04-Jun-20,Aundh-Baner,48,
04-Jun-20,Kothrud-Bavdhan,46,
04-Jun-20,Warje-Karvenagar,48,
04-Jun-20,Sinhagad Road,279,
04-Jun-20,Dhankawadi-Sahakarnagar,300,
04-Jun-20,Kondhwa-Yewalewadi,119,
04-Jun-20,Shivajinagar-Ghole Road,626,
04-Jun-20,Kasba-Vishrambagwada,655,
04-Jun-20,Bhawani Peth,869,
04-Jun-20,Bibwewadi,504,
04-Jun-20,Dhole Patil,1570,
04-Jun-20,Wanawadi-Ramtekdi,434,
04-Jun-20,Hadapsar-Mundhawa,291,
04-Jun-20,Yerwada-Kalas-Dhanori,930,
04-Jun-20,Nagar Road-Wadgaonsheri,261,
05-Jun-20,Aundh-Baner,49,
05-Jun-20,Kothrud-Bavdhan,49,
05-Jun-20,Warje-Karvenagar,49,
05-Jun-20,Sinhagad Road,292,
05-Jun-20,Dhankawadi-Sahakarnagar,313,
05-Jun-20,Kondhwa-Yewalewadi,128,
05-Jun-20,Shivajinagar-Ghole Road,643,
05-Jun-20,Kasba-Vishrambagwada,685,
05-Jun-20,Bhawani Peth,880,
05-Jun-20,Bibwewadi,509,
05-Jun-20,Dhole Patil,1591,
05-Jun-20,Wanawadi-Ramtekdi,451,
05-Jun-20,Hadapsar-Mundhawa,300,
05-Jun-20,Yerwada-Kalas-Dhanori,951,
05-Jun-20,Nagar Road-Wadgaonsheri,265,
06-Jun-20,Aundh-Baner,97,
06-Jun-20,Kothrud-Bavdhan,54,
06-Jun-20,Warje-Karvenagar,51,
06-Jun-20,Sinhagad Road,323,
06-Jun-20,Dhankawadi-Sahakarnagar,317,
06-Jun-20,Kondhwa-Yewalewadi,140,
06-Jun-20,Shivajinagar-Ghole Road,658,
06-Jun-20,Kasba-Vishrambagwada,726,
06-Jun-20,Bhawani Peth,887,
06-Jun-20,Bibwewadi,519,
06-Jun-20,Dhole Patil,1613,
06-Jun-20,Wanawadi-Ramtekdi,477,
06-Jun-20,Hadapsar-Mundhawa,314,
06-Jun-20,Yerwada-Kalas-Dhanori,967,
06-Jun-20,Nagar Road-Wadgaonsheri,283,
07-Jun-20,Aundh-Baner,106,
07-Jun-20,Kothrud-Bavdhan,56,
07-Jun-20,Warje-Karvenagar,54,
07-Jun-20,Sinhagad Road,348,
07-Jun-20,Dhankawadi-Sahakarnagar,320,
07-Jun-20,Kondhwa-Yewalewadi,143,
07-Jun-20,Shivajinagar-Ghole Road,667,
07-Jun-20,Kasba-Vishrambagwada,748,
07-Jun-20,Bhawani Peth,894,
07-Jun-20,Bibwewadi,525,
07-Jun-20,Dhole Patil,1630,
07-Jun-20,Wanawadi-Ramtekdi,499,
07-Jun-20,Hadapsar-Mundhawa,318,
07-Jun-20,Yerwada-Kalas-Dhanori,981,
07-Jun-20,Nagar Road-Wadgaonsheri,286,
08-Jun-20,Aundh-Baner,119,
08-Jun-20,Kothrud-Bavdhan,71,
08-Jun-20,Warje-Karvenagar,55,
08-Jun-20,Sinhagad Road,349,
08-Jun-20,Dhankawadi-Sahakarnagar,325,
08-Jun-20,Kondhwa-Yewalewadi,149,
08-Jun-20,Shivajinagar-Ghole Road,675,
08-Jun-20,Kasba-Vishrambagwada,772,
08-Jun-20,Bhawani Peth,899,
08-Jun-20,Bibwewadi,533,
08-Jun-20,Dhole Patil,1647,
08-Jun-20,Wanawadi-Ramtekdi,536,
08-Jun-20,Hadapsar-Mundhawa,329,
08-Jun-20,Yerwada-Kalas-Dhanori,993,
08-Jun-20,Nagar Road-Wadgaonsheri,297,
09-Jun-20,Aundh-Baner,130,
09-Jun-20,Kothrud-Bavdhan,76,
09-Jun-20,Warje-Karvenagar,55,
09-Jun-20,Sinhagad Road,357,
09-Jun-20,Dhankawadi-Sahakarnagar,332,
09-Jun-20,Kondhwa-Yewalewadi,159,
09-Jun-20,Shivajinagar-Ghole Road,687,
09-Jun-20,Kasba-Vishrambagwada,787,
09-Jun-20,Bhawani Peth,905,
09-Jun-20,Bibwewadi,536,
09-Jun-20,Dhole Patil,1648,
09-Jun-20,Wanawadi-Ramtekdi,558,
09-Jun-20,Hadapsar-Mundhawa,345,
09-Jun-20,Yerwada-Kalas-Dhanori,1004,
09-Jun-20,Nagar Road-Wadgaonsheri,310,
10-Jun-20,Aundh-Baner,169,
10-Jun-20,Kothrud-Bavdhan,79,
10-Jun-20,Warje-Karvenagar,61,
10-Jun-20,Sinhagad Road,395,
10-Jun-20,Dhankawadi-Sahakarnagar,341,
10-Jun-20,Kondhwa-Yewalewadi,163,
10-Jun-20,Shivajinagar-Ghole Road,699,
10-Jun-20,Kasba-Vishrambagwada,854,
10-Jun-20,Bhawani Peth,908,
10-Jun-20,Bibwewadi,547,
10-Jun-20,Dhole Patil,1664,
10-Jun-20,Wanawadi-Ramtekdi,577,
10-Jun-20,Hadapsar-Mundhawa,354,
10-Jun-20,Yerwada-Kalas-Dhanori,1027,
10-Jun-20,Nagar Road-Wadgaonsheri,327,
11-Jun-20,Aundh-Baner,205,
11-Jun-20,Kothrud-Bavdhan,90,
11-Jun-20,Warje-Karvenagar,66,
11-Jun-20,Sinhagad Road,419,
11-Jun-20,Dhankawadi-Sahakarnagar,351,
11-Jun-20,Kondhwa-Yewalewadi,178,
11-Jun-20,Shivajinagar-Ghole Road,718,
11-Jun-20,Kasba-Vishrambagwada,916,
11-Jun-20,Bhawani Peth,918,
11-Jun-20,Bibwewadi,558,
11-Jun-20,Dhole Patil,1673,
11-Jun-20,Wanawadi-Ramtekdi,594,
11-Jun-20,Hadapsar-Mundhawa,360,
11-Jun-20,Yerwada-Kalas-Dhanori,1040,
11-Jun-20,Nagar Road-Wadgaonsheri,331,
12-Jun-20,Aundh-Baner,217,
12-Jun-20,Kothrud-Bavdhan,93,
12-Jun-20,Warje-Karvenagar,67,
12-Jun-20,Sinhagad Road,439,
12-Jun-20,Dhankawadi-Sahakarnagar,359,
12-Jun-20,Kondhwa-Yewalewadi,186,
12-Jun-20,Shivajinagar-Ghole Road,752,
12-Jun-20,Kasba-Vishrambagwada,951,
12-Jun-20,Bhawani Peth,927,
12-Jun-20,Bibwewadi,568,
12-Jun-20,Dhole Patil,1681,
12-Jun-20,Wanawadi-Ramtekdi,675,
12-Jun-20,Hadapsar-Mundhawa,381,
12-Jun-20,Yerwada-Kalas-Dhanori,1058,
12-Jun-20,Nagar Road-Wadgaonsheri,360,
13-Jun-20,Aundh-Baner,246,
13-Jun-20,Kothrud-Bavdhan,108,
13-Jun-20,Warje-Karvenagar,74,
13-Jun-20,Sinhagad Road,443,
13-Jun-20,Dhankawadi-Sahakarnagar,368,
13-Jun-20,Kondhwa-Yewalewadi,191,
13-Jun-20,Shivajinagar-Ghole Road,788,
13-Jun-20,Kasba-Vishrambagwada,989,
13-Jun-20,Bhawani Peth,936,
13-Jun-20,Bibwewadi,581,
13-Jun-20,Dhole Patil,1706,
13-Jun-20,Wanawadi-Ramtekdi,701,
13-Jun-20,Hadapsar-Mundhawa,398,
13-Jun-20,Yerwada-Kalas-Dhanori,1075,
13-Jun-20,Nagar Road-Wadgaonsheri,365,
14-Jun-20,Aundh-Baner,255,
14-Jun-20,Kothrud-Bavdhan,139,
14-Jun-20,Warje-Karvenagar,79,
14-Jun-20,Sinhagad Road,495,
14-Jun-20,Dhankawadi-Sahakarnagar,390,
14-Jun-20,Kondhwa-Yewalewadi,202,
14-Jun-20,Shivajinagar-Ghole Road,815,
14-Jun-20,Kasba-Vishrambagwada,1024,
14-Jun-20,Bhawani Peth,955,
14-Jun-20,Bibwewadi,593,
14-Jun-20,Dhole Patil,1724,
14-Jun-20,Wanawadi-Ramtekdi,729,
14-Jun-20,Hadapsar-Mundhawa,411,
14-Jun-20,Yerwada-Kalas-Dhanori,1099,
14-Jun-20,Nagar Road-Wadgaonsheri,377,
15-Jun-20,Aundh-Baner,294,
15-Jun-20,Kothrud-Bavdhan,139,
15-Jun-20,Warje-Karvenagar,81,
15-Jun-20,Sinhagad Road,514,
15-Jun-20,Dhankawadi-Sahakarnagar,402,
15-Jun-20,Kondhwa-Yewalewadi,204,
15-Jun-20,Shivajinagar-Ghole Road,834,
15-Jun-20,Kasba-Vishrambagwada,1057,
15-Jun-20,Bhawani Peth,963,
15-Jun-20,Bibwewadi,596,
15-Jun-20,Dhole Patil,1762,
15-Jun-20,Wanawadi-Ramtekdi,742,
15-Jun-20,Hadapsar-Mundhawa,429,
15-Jun-20,Yerwada-Kalas-Dhanori,1107,
15-Jun-20,Nagar Road-Wadgaonsheri,381,
16-Jun-20,Aundh-Baner,296,
16-Jun-20,Kothrud-Bavdhan,143,
16-Jun-20,Warje-Karvenagar,90,
16-Jun-20,Sinhagad Road,539,
16-Jun-20,Dhankawadi-Sahakarnagar,410,
16-Jun-20,Kondhwa-Yewalewadi,235,
16-Jun-20,Shivajinagar-Ghole Road,863,
16-Jun-20,Kasba-Vishrambagwada,1086,
16-Jun-20,Bhawani Peth,980,
16-Jun-20,Bibwewadi,619,
16-Jun-20,Dhole Patil,1772,
16-Jun-20,Wanawadi-Ramtekdi,768,
16-Jun-20,Hadapsar-Mundhawa,451,
16-Jun-20,Yerwada-Kalas-Dhanori,1126,
16-Jun-20,Nagar Road-Wadgaonsheri,400,
17-Jun-20,Aundh-Baner,299,
17-Jun-20,Kothrud-Bavdhan,163.5,
17-Jun-20,Warje-Karvenagar,93.5,
17-Jun-20,Sinhagad Road,555.5,
17-Jun-20,Dhankawadi-Sahakarnagar,434.5,
17-Jun-20,Kondhwa-Yewalewadi,243.5,
17-Jun-20,Shivajinagar-Ghole Road,890.5,
17-Jun-20,Kasba-Vishrambagwada,1107.5,
17-Jun-20,Bhawani Peth,990.5,
17-Jun-20,Bibwewadi,631,
17-Jun-20,Dhole Patil,1786.5,
17-Jun-20,Wanawadi-Ramtekdi,776,
17-Jun-20,Hadapsar-Mundhawa,465,
17-Jun-20,Yerwada-Kalas-Dhanori,1129.5,
17-Jun-20,Nagar Road-Wadgaonsheri,403.5,
18-Jun-20,Aundh-Baner,302,
18-Jun-20,Kothrud-Bavdhan,184,
18-Jun-20,Warje-Karvenagar,97,
18-Jun-20,Sinhagad Road,572,
18-Jun-20,Dhankawadi-Sahakarnagar,459,
18-Jun-20,Kondhwa-Yewalewadi,252,
18-Jun-20,Shivajinagar-Ghole Road,918,
18-Jun-20,Kasba-Vishrambagwada,1129,
18-Jun-20,Bhawani Peth,1001,
18-Jun-20,Bibwewadi,643,
18-Jun-20,Dhole Patil,1801,
18-Jun-20,Wanawadi-Ramtekdi,784,
18-Jun-20,Hadapsar-Mundhawa,479,
18-Jun-20,Yerwada-Kalas-Dhanori,1133,
18-Jun-20,Nagar Road-Wadgaonsheri,407,
19-Jun-20,Aundh-Baner,329,
19-Jun-20,Kothrud-Bavdhan,223,
19-Jun-20,Warje-Karvenagar,117,
19-Jun-20,Sinhagad Road,631,
19-Jun-20,Dhankawadi-Sahakarnagar,491,
19-Jun-20,Kondhwa-Yewalewadi,272,
19-Jun-20,Shivajinagar-Ghole Road,979,
19-Jun-20,Kasba-Vishrambagwada,1206,
19-Jun-20,Bhawani Peth,1030,
19-Jun-20,Bibwewadi,674,
19-Jun-20,Dhole Patil,1823,
19-Jun-20,Wanawadi-Ramtekdi,836,
19-Jun-20,Hadapsar-Mundhawa,531,
19-Jun-20,Yerwada-Kalas-Dhanori,1168,
19-Jun-20,Nagar Road-Wadgaonsheri,422,
20-Jun-20,Aundh-Baner,356,
20-Jun-20,Kothrud-Bavdhan,263,
20-Jun-20,Warje-Karvenagar,137,
20-Jun-20,Sinhagad Road,691,
20-Jun-20,Dhankawadi-Sahakarnagar,523,
20-Jun-20,Kondhwa-Yewalewadi,293,
20-Jun-20,Shivajinagar-Ghole Road,1041,
20-Jun-20,Kasba-Vishrambagwada,1284,
20-Jun-20,Bhawani Peth,1058,
20-Jun-20,Bibwewadi,705,
20-Jun-20,Dhole Patil,1846,
20-Jun-20,Wanawadi-Ramtekdi,888,
20-Jun-20,Hadapsar-Mundhawa,584,
20-Jun-20,Yerwada-Kalas-Dhanori,1204,
20-Jun-20,Nagar Road-Wadgaonsheri,437,
21-Jun-20,Aundh-Baner,383,
21-Jun-20,Kothrud-Bavdhan,302,
21-Jun-20,Warje-Karvenagar,157,
21-Jun-20,Sinhagad Road,750,
21-Jun-20,Dhankawadi-Sahakarnagar,555,
21-Jun-20,Kondhwa-Yewalewadi,313,
21-Jun-20,Shivajinagar-Ghole Road,1102,
21-Jun-20,Kasba-Vishrambagwada,1361,
21-Jun-20,Bhawani Peth,1087,
21-Jun-20,Bibwewadi,736,
21-Jun-20,Dhole Patil,1868,
21-Jun-20,Wanawadi-Ramtekdi,940,
21-Jun-20,Hadapsar-Mundhawa,636,
21-Jun-20,Yerwada-Kalas-Dhanori,1239,
21-Jun-20,Nagar Road-Wadgaonsheri,452,
22-Jun-20,Aundh-Baner,399,
22-Jun-20,Kothrud-Bavdhan,330,
22-Jun-20,Warje-Karvenagar,185,
22-Jun-20,Sinhagad Road,788,
22-Jun-20,Dhankawadi-Sahakarnagar,589,
22-Jun-20,Kondhwa-Yewalewadi,337,
22-Jun-20,Shivajinagar-Ghole Road,1161,
22-Jun-20,Kasba-Vishrambagwada,1461,
22-Jun-20,Bhawani Peth,1129,
22-Jun-20,Bibwewadi,775,
22-Jun-20,Dhole Patil,1908,
22-Jun-20,Wanawadi-Ramtekdi,964,
22-Jun-20,Hadapsar-Mundhawa,685,
22-Jun-20,Yerwada-Kalas-Dhanori,1260,
22-Jun-20,Nagar Road-Wadgaonsheri,473,
23-Jun-20,Aundh-Baner,389,
23-Jun-20,Kothrud-Bavdhan,323,
23-Jun-20,Warje-Karvenagar,188,
23-Jun-20,Sinhagad Road,807,
23-Jun-20,Dhankawadi-Sahakarnagar,602,
23-Jun-20,Kondhwa-Yewalewadi,338,
23-Jun-20,Shivajinagar-Ghole Road,1167,
23-Jun-20,Kasba-Vishrambagwada,1479,
23-Jun-20,Bhawani Peth,1146,
23-Jun-20,Bibwewadi,776,
23-Jun-20,Dhole Patil,1918,
23-Jun-20,Wanawadi-Ramtekdi,967,
23-Jun-20,Hadapsar-Mundhawa,688,
23-Jun-20,Yerwada-Kalas-Dhanori,1256,
23-Jun-20,Nagar Road-Wadgaonsheri,475,
24-Jun-20,Aundh-Baner,414,
24-Jun-20,Kothrud-Bavdhan,358,
24-Jun-20,Warje-Karvenagar,212,
24-Jun-20,Sinhagad Road,826,
24-Jun-20,Dhankawadi-Sahakarnagar,623,
24-Jun-20,Kondhwa-Yewalewadi,360,
24-Jun-20,Shivajinagar-Ghole Road,1219,
24-Jun-20,Kasba-Vishrambagwada,1561,
24-Jun-20,Bhawani Peth,1171,
24-Jun-20,Bibwewadi,814,
24-Jun-20,Dhole Patil,1948,
24-Jun-20,Wanawadi-Ramtekdi,988,
24-Jun-20,Hadapsar-Mundhawa,733,
24-Jun-20,Yerwada-Kalas-Dhanori,1281,
24-Jun-20,Nagar Road-Wadgaonsheri,493,
25-Jun-20,Aundh-Baner,425,
25-Jun-20,Kothrud-Bavdhan,376,
25-Jun-20,Warje-Karvenagar,267,
25-Jun-20,Sinhagad Road,876,
25-Jun-20,Dhankawadi-Sahakarnagar,668,
25-Jun-20,Kondhwa-Yewalewadi,394,
25-Jun-20,Shivajinagar-Ghole Road,1245,
25-Jun-20,Kasba-Vishrambagwada,1622,
25-Jun-20,Bhawani Peth,1204,
25-Jun-20,Bibwewadi,856,
25-Jun-20,Dhole Patil,1963,
25-Jun-20,Wanawadi-Ramtekdi,1016,
25-Jun-20,Hadapsar-Mundhawa,760,
25-Jun-20,Yerwada-Kalas-Dhanori,1302,
25-Jun-20,Nagar Road-Wadgaonsheri,508,
26-Jun-20,Aundh-Baner,441,
26-Jun-20,Kothrud-Bavdhan,403,
26-Jun-20,Warje-Karvenagar,308,
26-Jun-20,Sinhagad Road,917,
26-Jun-20,Dhankawadi-Sahakarnagar,714,
26-Jun-20,Kondhwa-Yewalewadi,411,
26-Jun-20,Shivajinagar-Ghole Road,1263,
26-Jun-20,Kasba-Vishrambagwada,1712,
26-Jun-20,Bhawani Peth,1251,
26-Jun-20,Bibwewadi,883,
26-Jun-20,Dhole Patil,2016,
26-Jun-20,Wanawadi-Ramtekdi,1036,
26-Jun-20,Hadapsar-Mundhawa,820,
26-Jun-20,Yerwada-Kalas-Dhanori,1331,
26-Jun-20,Nagar Road-Wadgaonsheri,522,
27-Jun-20,Aundh-Baner,481,
27-Jun-20,Kothrud-Bavdhan,460,
27-Jun-20,Warje-Karvenagar,376,
27-Jun-20,Sinhagad Road,969,
27-Jun-20,Dhankawadi-Sahakarnagar,752,
27-Jun-20,Kondhwa-Yewalewadi,443,
27-Jun-20,Shivajinagar-Ghole Road,1307,
27-Jun-20,Kasba-Vishrambagwada,1835,
27-Jun-20,Bhawani Peth,1292,
27-Jun-20,Bibwewadi,913,
27-Jun-20,Dhole Patil,2075,
27-Jun-20,Wanawadi-Ramtekdi,1083,
27-Jun-20,Hadapsar-Mundhawa,891,
27-Jun-20,Yerwada-Kalas-Dhanori,1371,
27-Jun-20,Nagar Road-Wadgaonsheri,547,
28-Jun-20,Aundh-Baner,501,
28-Jun-20,Kothrud-Bavdhan,473,
28-Jun-20,Warje-Karvenagar,432,
28-Jun-20,Sinhagad Road,1003,
28-Jun-20,Dhankawadi-Sahakarnagar,788,
28-Jun-20,Kondhwa-Yewalewadi,457,
28-Jun-20,Shivajinagar-Ghole Road,1326,
28-Jun-20,Kasba-Vishrambagwada,1874,
28-Jun-20,Bhawani Peth,1337,
28-Jun-20,Bibwewadi,950,
28-Jun-20,Dhole Patil,2145,
28-Jun-20,Wanawadi-Ramtekdi,1098,
28-Jun-20,Hadapsar-Mundhawa,937,
28-Jun-20,Yerwada-Kalas-Dhanori,1383,
28-Jun-20,Nagar Road-Wadgaonsheri,568,
29-Jun-20,Aundh-Baner,531,
29-Jun-20,Kothrud-Bavdhan,506,
29-Jun-20,Warje-Karvenagar,470,
29-Jun-20,Sinhagad Road,1044,
29-Jun-20,Dhankawadi-Sahakarnagar,808,
29-Jun-20,Kondhwa-Yewalewadi,489,
29-Jun-20,Shivajinagar-Ghole Road,1375,
29-Jun-20,Kasba-Vishrambagwada,1954,
29-Jun-20,Bhawani Peth,1346,
29-Jun-20,Bibwewadi,980,
29-Jun-20,Dhole Patil,2219,
29-Jun-20,Wanawadi-Ramtekdi,1124,
29-Jun-20,Hadapsar-Mundhawa,997,
29-Jun-20,Yerwada-Kalas-Dhanori,1404,
29-Jun-20,Nagar Road-Wadgaonsheri,588,
30-Jun-20,Aundh-Baner,538,
30-Jun-20,Kothrud-Bavdhan,520,
30-Jun-20,Warje-Karvenagar,501,
30-Jun-20,Sinhagad Road,1087,
30-Jun-20,Dhankawadi-Sahakarnagar,848,
30-Jun-20,Kondhwa-Yewalewadi,505,
30-Jun-20,Shivajinagar-Ghole Road,1389,
30-Jun-20,Kasba-Vishrambagwada,2006,
30-Jun-20,Bhawani Peth,1371,
30-Jun-20,Bibwewadi,1027,
30-Jun-20,Dhole Patil,2243,
30-Jun-20,Wanawadi-Ramtekdi,1134,
30-Jun-20,Hadapsar-Mundhawa,1039,
30-Jun-20,Yerwada-Kalas-Dhanori,1436,
30-Jun-20,Nagar Road-Wadgaonsheri,611,
01-Jul-20,Aundh-Baner,578,
01-Jul-20,Kothrud-Bavdhan,579,
01-Jul-20,Warje-Karvenagar,608,
01-Jul-20,Sinhagad Road,1144,
01-Jul-20,Dhankawadi-Sahakarnagar,875,
01-Jul-20,Kondhwa-Yewalewadi,552,
01-Jul-20,Shivajinagar-Ghole Road,1418,
01-Jul-20,Kasba-Vishrambagwada,2073,
01-Jul-20,Bhawani Peth,1421,
01-Jul-20,Bibwewadi,1063,
01-Jul-20,Dhole Patil,2288,
01-Jul-20,Wanawadi-Ramtekdi,1164,
01-Jul-20,Hadapsar-Mundhawa,1128,
01-Jul-20,Yerwada-Kalas-Dhanori,1463,
01-Jul-20,Nagar Road-Wadgaonsheri,640,
02-Jul-20,Aundh-Baner,618,
02-Jul-20,Kothrud-Bavdhan,622,
02-Jul-20,Warje-Karvenagar,655,
02-Jul-20,Sinhagad Road,1177,
02-Jul-20,Dhankawadi-Sahakarnagar,921,
02-Jul-20,Kondhwa-Yewalewadi,602,
02-Jul-20,Shivajinagar-Ghole Road,1455,
02-Jul-20,Kasba-Vishrambagwada,2147,
02-Jul-20,Bhawani Peth,1456,
02-Jul-20,Bibwewadi,1127,
02-Jul-20,Dhole Patil,2404,
02-Jul-20,Wanawadi-Ramtekdi,1198,
02-Jul-20,Hadapsar-Mundhawa,1229,
02-Jul-20,Yerwada-Kalas-Dhanori,1530,
02-Jul-20,Nagar Road-Wadgaonsheri,692,
03-Jul-20,Aundh-Baner,647,
03-Jul-20,Kothrud-Bavdhan,673,
03-Jul-20,Warje-Karvenagar,747,
03-Jul-20,Sinhagad Road,1225,
03-Jul-20,Dhankawadi-Sahakarnagar,952,
03-Jul-20,Kondhwa-Yewalewadi,641,
03-Jul-20,Shivajinagar-Ghole Road,1493,
03-Jul-20,Kasba-Vishrambagwada,2211,
03-Jul-20,Bhawani Peth,1473,
03-Jul-20,Bibwewadi,1161,
03-Jul-20,Dhole Patil,2510,
03-Jul-20,Wanawadi-Ramtekdi,1233,
03-Jul-20,Hadapsar-Mundhawa,1303,
03-Jul-20,Yerwada-Kalas-Dhanori,1550,
03-Jul-20,Nagar Road-Wadgaonsheri,719,
04-Jul-20,Aundh-Baner,680,
04-Jul-20,Kothrud-Bavdhan,706,
04-Jul-20,Warje-Karvenagar,818,
04-Jul-20,Sinhagad Road,1253,
04-Jul-20,Dhankawadi-Sahakarnagar,1010,
04-Jul-20,Kondhwa-Yewalewadi,694,
04-Jul-20,Shivajinagar-Ghole Road,1523,
04-Jul-20,Kasba-Vishrambagwada,2278,
04-Jul-20,Bhawani Peth,1500,
04-Jul-20,Bibwewadi,1219,
04-Jul-20,Dhole Patil,2560,
04-Jul-20,Wanawadi-Ramtekdi,1300,
04-Jul-20,Hadapsar-Mundhawa,1407,
04-Jul-20,Yerwada-Kalas-Dhanori,1584,
04-Jul-20,Nagar Road-Wadgaonsheri,740,
05-Jul-20,Aundh-Baner,717,
05-Jul-20,Kothrud-Bavdhan,760,
05-Jul-20,Warje-Karvenagar,871,
05-Jul-20,Sinhagad Road,1317,
05-Jul-20,Dhankawadi-Sahakarnagar,1071,
05-Jul-20,Kondhwa-Yewalewadi,733,
05-Jul-20,Shivajinagar-Ghole Road,1563,
05-Jul-20,Kasba-Vishrambagwada,2339,
05-Jul-20,Bhawani Peth,1519,
05-Jul-20,Bibwewadi,1264,
05-Jul-20,Dhole Patil,2613,
05-Jul-20,Wanawadi-Ramtekdi,1328,
05-Jul-20,Hadapsar-Mundhawa,1516,
05-Jul-20,Yerwada-Kalas-Dhanori,1620,
05-Jul-20,Nagar Road-Wadgaonsheri,766,
06-Jul-20,Aundh-Baner,760,
06-Jul-20,Kothrud-Bavdhan,802,
06-Jul-20,Warje-Karvenagar,923,
06-Jul-20,Sinhagad Road,1335,
06-Jul-20,Dhankawadi-Sahakarnagar,1110,
06-Jul-20,Kondhwa-Yewalewadi,771,
06-Jul-20,Shivajinagar-Ghole Road,1593,
06-Jul-20,Kasba-Vishrambagwada,2368,
06-Jul-20,Bhawani Peth,1577,
06-Jul-20,Bibwewadi,1325,
06-Jul-20,Dhole Patil,2683,
06-Jul-20,Wanawadi-Ramtekdi,1361,
06-Jul-20,Hadapsar-Mundhawa,1623,
06-Jul-20,Yerwada-Kalas-Dhanori,1690,
06-Jul-20,Nagar Road-Wadgaonsheri,815,
07-Jul-20,Aundh-Baner,770,
07-Jul-20,Kothrud-Bavdhan,870,
07-Jul-20,Warje-Karvenagar,997,
07-Jul-20,Sinhagad Road,1401,
07-Jul-20,Dhankawadi-Sahakarnagar,1171,
07-Jul-20,Kondhwa-Yewalewadi,788,
07-Jul-20,Shivajinagar-Ghole Road,1608,
07-Jul-20,Kasba-Vishrambagwada,2442,
07-Jul-20,Bhawani Peth,1611,
07-Jul-20,Bibwewadi,1362,
07-Jul-20,Dhole Patil,2714,
07-Jul-20,Wanawadi-Ramtekdi,1380,
07-Jul-20,Hadapsar-Mundhawa,1657,
07-Jul-20,Yerwada-Kalas-Dhanori,1709,
07-Jul-20,Nagar Road-Wadgaonsheri,830,
08-Jul-20,Aundh-Baner,812,
08-Jul-20,Kothrud-Bavdhan,917,
08-Jul-20,Warje-Karvenagar,1081,
08-Jul-20,Sinhagad Road,1477,
08-Jul-20,Dhankawadi-Sahakarnagar,1278,
08-Jul-20,Kondhwa-Yewalewadi,843,
08-Jul-20,Shivajinagar-Ghole Road,1644,
08-Jul-20,Kasba-Vishrambagwada,2508,
08-Jul-20,Bhawani Peth,1654,
08-Jul-20,Bibwewadi,1423,
08-Jul-20,Dhole Patil,2787,
08-Jul-20,Wanawadi-Ramtekdi,1422,
08-Jul-20,Hadapsar-Mundhawa,1812,
08-Jul-20,Yerwada-Kalas-Dhanori,1761,
08-Jul-20,Nagar Road-Wadgaonsheri,880,
09-Jul-20,Aundh-Baner,865,
09-Jul-20,Kothrud-Bavdhan,976,
09-Jul-20,Warje-Karvenagar,1173,
09-Jul-20,Sinhagad Road,1542,
09-Jul-20,Dhankawadi-Sahakarnagar,1346,
09-Jul-20,Kondhwa-Yewalewadi,908,
09-Jul-20,Shivajinagar-Ghole Road,1677,
09-Jul-20,Kasba-Vishrambagwada,2582,
09-Jul-20,Bhawani Peth,1708,
09-Jul-20,Bibwewadi,1469,
09-Jul-20,Dhole Patil,2820,
09-Jul-20,Wanawadi-Ramtekdi,1447,
09-Jul-20,Hadapsar-Mundhawa,1889,
09-Jul-20,Yerwada-Kalas-Dhanori,1835,
09-Jul-20,Nagar Road-Wadgaonsheri,927,
10-Jul-20,Aundh-Baner,881,
10-Jul-20,Kothrud-Bavdhan,1051,
10-Jul-20,Warje-Karvenagar,1234,
10-Jul-20,Sinhagad Road,1588,
10-Jul-20,Dhankawadi-Sahakarnagar,1407,
10-Jul-20,Kondhwa-Yewalewadi,951,
10-Jul-20,Shivajinagar-Ghole Road,1706,
10-Jul-20,Kasba-Vishrambagwada,2642,
10-Jul-20,Bhawani Peth,1765,
10-Jul-20,Bibwewadi,1529,
10-Jul-20,Dhole Patil,2838,
10-Jul-20,Wanawadi-Ramtekdi,1498,
10-Jul-20,Hadapsar-Mundhawa,1943,
10-Jul-20,Yerwada-Kalas-Dhanori,1919,
10-Jul-20,Nagar Road-Wadgaonsheri,977,
11-Jul-20,Aundh-Baner,893,
11-Jul-20,Kothrud-Bavdhan,1147,
11-Jul-20,Warje-Karvenagar,1308,
11-Jul-20,Sinhagad Road,1628,
11-Jul-20,Dhankawadi-Sahakarnagar,1450,
11-Jul-20,Kondhwa-Yewalewadi,984,
11-Jul-20,Shivajinagar-Ghole Road,1757,
11-Jul-20,Kasba-Vishrambagwada,2708,
11-Jul-20,Bhawani Peth,1796,
11-Jul-20,Bibwewadi,1587,
11-Jul-20,Dhole Patil,2857,
11-Jul-20,Wanawadi-Ramtekdi,1532,
11-Jul-20,Hadapsar-Mundhawa,2014,
11-Jul-20,Yerwada-Kalas-Dhanori,1957,
11-Jul-20,Nagar Road-Wadgaonsheri,1029,
12-Jul-20,Aundh-Baner,910,
12-Jul-20,Kothrud-Bavdhan,1188,
12-Jul-20,Warje-Karvenagar,1370,
12-Jul-20,Sinhagad Road,1654,
12-Jul-20,Dhankawadi-Sahakarnagar,1484,
12-Jul-20,Kondhwa-Yewalewadi,1005,
12-Jul-20,Shivajinagar-Ghole Road,1789,
12-Jul-20,Kasba-Vishrambagwada,2743,
12-Jul-20,Bhawani Peth,1839,
12-Jul-20,Bibwewadi,1637,
12-Jul-20,Dhole Patil,2866,
12-Jul-20,Wanawadi-Ramtekdi,1555,
12-Jul-20,Hadapsar-Mundhawa,2077,
12-Jul-20,Yerwada-Kalas-Dhanori,2015,
12-Jul-20,Nagar Road-Wadgaonsheri,1051,
13-Jul-20,Aundh-Baner,936,
13-Jul-20,Kothrud-Bavdhan,1217,
13-Jul-20,Warje-Karvenagar,1450,
13-Jul-20,Sinhagad Road,1757,
13-Jul-20,Dhankawadi-Sahakarnagar,1561,
13-Jul-20,Kondhwa-Yewalewadi,1063,
13-Jul-20,Shivajinagar-Ghole Road,1822,
13-Jul-20,Kasba-Vishrambagwada,2776,
13-Jul-20,Bhawani Peth,1862,
13-Jul-20,Bibwewadi,1678,
13-Jul-20,Dhole Patil,2890,
13-Jul-20,Wanawadi-Ramtekdi,1585,
13-Jul-20,Hadapsar-Mundhawa,2142,
13-Jul-20,Yerwada-Kalas-Dhanori,2051,
13-Jul-20,Nagar Road-Wadgaonsheri,1095,
14-Jul-20,Aundh-Baner,951,
14-Jul-20,Kothrud-Bavdhan,1312,
14-Jul-20,Warje-Karvenagar,1566,
14-Jul-20,Sinhagad Road,1811,
14-Jul-20,Dhankawadi-Sahakarnagar,1679,
14-Jul-20,Kondhwa-Yewalewadi,1083,
14-Jul-20,Shivajinagar-Ghole Road,1838,
14-Jul-20,Kasba-Vishrambagwada,2829,
14-Jul-20,Bhawani Peth,1893,
14-Jul-20,Bibwewadi,1703,
14-Jul-20,Dhole Patil,2913,
14-Jul-20,Wanawadi-Ramtekdi,1592,
14-Jul-20,Hadapsar-Mundhawa,2184,
14-Jul-20,Yerwada-Kalas-Dhanori,2091,
14-Jul-20,Nagar Road-Wadgaonsheri,1121,
15-Jul-20,Aundh-Baner,972,
15-Jul-20,Kothrud-Bavdhan,1398,
15-Jul-20,Warje-Karvenagar,1661,
15-Jul-20,Sinhagad Road,1858,
15-Jul-20,Dhankawadi-Sahakarnagar,1776,
15-Jul-20,Kondhwa-Yewalewadi,1156,
15-Jul-20,Shivajinagar-Ghole Road,1886,
15-Jul-20,Kasba-Vishrambagwada,2859,
15-Jul-20,Bhawani Peth,1935,
15-Jul-20,Bibwewadi,1736,
15-Jul-20,Dhole Patil,2938,
15-Jul-20,Wanawadi-Ramtekdi,1635,
15-Jul-20,Hadapsar-Mundhawa,2266,
15-Jul-20,Yerwada-Kalas-Dhanori,2149,
15-Jul-20,Nagar Road-Wadgaonsheri,1217,
16-Jul-20,Aundh-Baner,1014,
16-Jul-20,Kothrud-Bavdhan,1483,
16-Jul-20,Warje-Karvenagar,1791,
16-Jul-20,Sinhagad Road,1955,
16-Jul-20,Dhankawadi-Sahakarnagar,1895,
16-Jul-20,Kondhwa-Yewalewadi,1223,
16-Jul-20,Shivajinagar-Ghole Road,1908,
16-Jul-20,Kasba-Vishrambagwada,2927,
16-Jul-20,Bhawani Peth,2018,
16-Jul-20,Bibwewadi,1817,
16-Jul-20,Dhole Patil,2981,
16-Jul-20,Wanawadi-Ramtekdi,1680,
16-Jul-20,Hadapsar-Mundhawa,2381,
16-Jul-20,Yerwada-Kalas-Dhanori,2209,
16-Jul-20,Nagar Road-Wadgaonsheri,1314,
17-Jul-20,Aundh-Baner,1023,
17-Jul-20,Kothrud-Bavdhan,1567,
17-Jul-20,Warje-Karvenagar,1853,
17-Jul-20,Sinhagad Road,2034,
17-Jul-20,Dhankawadi-Sahakarnagar,1961,
17-Jul-20,Kondhwa-Yewalewadi,1262,
17-Jul-20,Shivajinagar-Ghole Road,1944,
17-Jul-20,Kasba-Vishrambagwada,2991,
17-Jul-20,Bhawani Peth,2043,
17-Jul-20,Bibwewadi,1860,
17-Jul-20,Dhole Patil,3014,
17-Jul-20,Wanawadi-Ramtekdi,1730,
17-Jul-20,Hadapsar-Mundhawa,2452,
17-Jul-20,Yerwada-Kalas-Dhanori,2271,
17-Jul-20,Nagar Road-Wadgaonsheri,1356,
18-Jul-20,Aundh-Baner,1040,
18-Jul-20,Kothrud-Bavdhan,1609,
18-Jul-20,Warje-Karvenagar,1957,
18-Jul-20,Sinhagad Road,2081,
18-Jul-20,Dhankawadi-Sahakarnagar,2064,
18-Jul-20,Kondhwa-Yewalewadi,1354,
18-Jul-20,Shivajinagar-Ghole Road,1978,
18-Jul-20,Kasba-Vishrambagwada,3037,
18-Jul-20,Bhawani Peth,2111,
18-Jul-20,Bibwewadi,1955,
18-Jul-20,Dhole Patil,3069,
18-Jul-20,Wanawadi-Ramtekdi,1778,
18-Jul-20,Hadapsar-Mundhawa,2532,
18-Jul-20,Yerwada-Kalas-Dhanori,2341,
18-Jul-20,Nagar Road-Wadgaonsheri,1409,
19-Jul-20,Aundh-Baner,1059,
19-Jul-20,Kothrud-Bavdhan,1745,
19-Jul-20,Warje-Karvenagar,2027,
19-Jul-20,Sinhagad Road,2147,
19-Jul-20,Dhankawadi-Sahakarnagar,2175,
19-Jul-20,Kondhwa-Yewalewadi,1394,
19-Jul-20,Shivajinagar-Ghole Road,1990,
19-Jul-20,Kasba-Vishrambagwada,3439,
19-Jul-20,Bhawani Peth,2227,
19-Jul-20,Bibwewadi,2155,
19-Jul-20,Dhole Patil,3106,
19-Jul-20,Wanawadi-Ramtekdi,1833,
19-Jul-20,Hadapsar-Mundhawa,2598,
19-Jul-20,Yerwada-Kalas-Dhanori,2369,
19-Jul-20,Nagar Road-Wadgaonsheri,1620,
20-Jul-20,Aundh-Baner,1095,
20-Jul-20,Kothrud-Bavdhan,1800,
20-Jul-20,Warje-Karvenagar,2147,
20-Jul-20,Sinhagad Road,2323,
20-Jul-20,Dhankawadi-Sahakarnagar,2285,
20-Jul-20,Kondhwa-Yewalewadi,1440,
20-Jul-20,Shivajinagar-Ghole Road,2024,
20-Jul-20,Kasba-Vishrambagwada,3592,
20-Jul-20,Bhawani Peth,2327,
20-Jul-20,Bibwewadi,2237,
20-Jul-20,Dhole Patil,3305,
20-Jul-20,Wanawadi-Ramtekdi,1930,
20-Jul-20,Hadapsar-Mundhawa,2865,
20-Jul-20,Yerwada-Kalas-Dhanori,2464,
20-Jul-20,Nagar Road-Wadgaonsheri,1676,
21-Jul-20,Aundh-Baner,1362,
21-Jul-20,Kothrud-Bavdhan,1955,
21-Jul-20,Warje-Karvenagar,2237,
21-Jul-20,Sinhagad Road,2381,
21-Jul-20,Dhankawadi-Sahakarnagar,2404,
21-Jul-20,Kondhwa-Yewalewadi,1486,
21-Jul-20,Shivajinagar-Ghole Road,2065,
21-Jul-20,Kasba-Vishrambagwada,3669,
21-Jul-20,Bhawani Peth,2396,
21-Jul-20,Bibwewadi,2449,
21-Jul-20,Dhole Patil,3361,
21-Jul-20,Wanawadi-Ramtekdi,1984,
21-Jul-20,Hadapsar-Mundhawa,3007,
21-Jul-20,Yerwada-Kalas-Dhanori,2520,
21-Jul-20,Nagar Road-Wadgaonsheri,1724,
22-Jul-2020,Aundh-Baner,1418,
22-Jul-2020,Kothrud-Bavdhan,2059,
22-Jul-2020,Warje-Karvenagar,2339,
22-Jul-2020,Sinhagad Road,2476,
22-Jul-2020,Dhankawadi-Sahakarnagar,2540,
22-Jul-2020,Kondhwa-Yewalewadi,1558,
22-Jul-2020,Shivajinagar-Ghole Road,2119,
22-Jul-2020,Kasba-Vishrambagwada,3769,
22-Jul-2020,Bhawani Peth,2457,
22-Jul-2020,Bibwewadi,2544,
22-Jul-2020,Dhole Patil,3425,
22-Jul-2020,Wanawadi-Ramtekdi,2037,
22-Jul-2020,Hadapsar-Mundhawa,3159,
22-Jul-2020,Yerwada-Kalas-Dhanori,2602,
22-Jul-2020,Nagar Road-Wadgaonsheri,1839,
23-Jul-2020,Aundh-Baner,1473,
23-Jul-2020,Kothrud-Bavdhan,2163,
23-Jul-2020,Warje-Karvenagar,2442,
23-Jul-2020,Sinhagad Road,2571,
23-Jul-2020,Dhankawadi-Sahakarnagar,2676,
23-Jul-2020,Kondhwa-Yewalewadi,1630,
23-Jul-2020,Shivajinagar-Ghole Road,2174,
23-Jul-2020,Kasba-Vishrambagwada,3869,
23-Jul-2020,Bhawani Peth,2518,
23-Jul-2020,Bibwewadi,2639,
23-Jul-2020,Dhole Patil,3490,
23-Jul-2020,Wanawadi-Ramtekdi,2089,
23-Jul-2020,Hadapsar-Mundhawa,3310,
23-Jul-2020,Yerwada-Kalas-Dhanori,2685,
23-Jul-2020,Nagar Road-Wadgaonsheri,1954,
24-Jul-2020,Aundh-Baner,1529,
24-Jul-2020,Kothrud-Bavdhan,2267,
24-Jul-2020,Warje-Karvenagar,2544,
24-Jul-2020,Sinhagad Road,2666,
24-Jul-2020,Dhankawadi-Sahakarnagar,2813,
24-Jul-2020,Kondhwa-Yewalewadi,1702,
24-Jul-2020,Shivajinagar-Ghole Road,2228,
24-Jul-2020,Kasba-Vishrambagwada,3969,
24-Jul-2020,Bhawani Peth,2579,
24-Jul-2020,Bibwewadi,2733,
24-Jul-2020,Dhole Patil,3554,
24-Jul-2020,Wanawadi-Ramtekdi,2142,
24-Jul-2020,Hadapsar-Mundhawa,3462,
24-Jul-2020,Yerwada-Kalas-Dhanori,2767,
24-Jul-2020,Nagar Road-Wadgaonsheri,2070,
25-Jul-2020,Aundh-Baner,1584,
25-Jul-2020,Kothrud-Bavdhan,2371,
25-Jul-2020,Warje-Karvenagar,2647,
25-Jul-2020,Sinhagad Road,2761,
25-Jul-2020,Dhankawadi-Sahakarnagar,2949,
25-Jul-2020,Kondhwa-Yewalewadi,1774,
25-Jul-2020,Shivajinagar-Ghole Road,2282,
25-Jul-2020,Kasba-Vishrambagwada,4069,
25-Jul-2020,Bhawani Peth,2639,
25-Jul-2020,Bibwewadi,2828,
25-Jul-2020,Dhole Patil,3619,
25-Jul-2020,Wanawadi-Ramtekdi,2194,
25-Jul-2020,Hadapsar-Mundhawa,3614,
25-Jul-2020,Yerwada-Kalas-Dhanori,2850,
25-Jul-2020,Nagar Road-Wadgaonsheri,2185,
26-Jul-2020,Aundh-Baner,1640,
26-Jul-2020,Kothrud-Bavdhan,2475,
26-Jul-2020,Warje-Karvenagar,2749,
26-Jul-2020,Sinhagad Road,2856,
26-Jul-2020,Dhankawadi-Sahakarnagar,3085,
26-Jul-2020,Kondhwa-Yewalewadi,1847,
26-Jul-2020,Shivajinagar-Ghole Road,2336,
26-Jul-2020,Kasba-Vishrambagwada,4169,
26-Jul-2020,Bhawani Peth,2700,
26-Jul-2020,Bibwewadi,2923,
26-Jul-2020,Dhole Patil,3683,
26-Jul-2020,Wanawadi-Ramtekdi,2247,
26-Jul-2020,Hadapsar-Mundhawa,3766,
26-Jul-2020,Yerwada-Kalas-Dhanori,2932,
26-Jul-2020,Nagar Road-Wadgaonsheri,2300,
27-Jul-2020,Aundh-Baner,1695,
27-Jul-2020,Kothrud-Bavdhan,2579,
27-Jul-2020,Warje-Karvenagar,2852,
27-Jul-2020,Sinhagad Road,2951,
27-Jul-2020,Dhankawadi-Sahakarnagar,3221,
27-Jul-2020,Kondhwa-Yewalewadi,1919,
27-Jul-2020,Shivajinagar-Ghole Road,2391,
27-Jul-2020,Kasba-Vishrambagwada,4269,
27-Jul-2020,Bhawani Peth,2761,
27-Jul-2020,Bibwewadi,3018,
27-Jul-2020,Dhole Patil,3748,
27-Jul-2020,Wanawadi-Ramtekdi,2300,
27-Jul-2020,Hadapsar-Mundhawa,3917,
27-Jul-2020,Yerwada-Kalas-Dhanori,3014,
27-Jul-2020,Nagar Road-Wadgaonsheri,2415,
28-Jul-2020,Aundh-Baner,1751,
28-Jul-2020,Kothrud-Bavdhan,2683,
28-Jul-2020,Warje-Karvenagar,2954,
28-Jul-2020,Sinhagad Road,3046,
28-Jul-2020,Dhankawadi-Sahakarnagar,3358,
28-Jul-2020,Kondhwa-Yewalewadi,1991,
28-Jul-2020,Shivajinagar-Ghole Road,2445,
28-Jul-2020,Kasba-Vishrambagwada,4369,
28-Jul-2020,Bhawani Peth,2822,
28-Jul-2020,Bibwewadi,3112,
28-Jul-2020,Dhole Patil,3812,
28-Jul-2020,Wanawadi-Ramtekdi,2352,
28-Jul-2020,Hadapsar-Mundhawa,4069,
28-Jul-2020,Yerwada-Kalas-Dhanori,3097,
28-Jul-2020,Nagar Road-Wadgaonsheri,2530,
29-Jul-2020,Aundh-Baner,1806,
29-Jul-2020,Kothrud-Bavdhan,2787,
29-Jul-2020,Warje-Karvenagar,3057,
29-Jul-2020,Sinhagad Road,3141,
29-Jul-2020,Dhankawadi-Sahakarnagar,3494,
29-Jul-2020,Kondhwa-Yewalewadi,2063,
29-Jul-2020,Shivajinagar-Ghole Road,2499,
29-Jul-2020,Kasba-Vishrambagwada,4469,
29-Jul-2020,Bhawani Peth,2883,
29-Jul-2020,Bibwewadi,3207,
29-Jul-2020,Dhole Patil,3877,
29-Jul-2020,Wanawadi-Ramtekdi,2405,
29-Jul-2020,Hadapsar-Mundhawa,4221,
29-Jul-2020,Yerwada-Kalas-Dhanori,3179,
29-Jul-2020,Nagar Road-Wadgaonsheri,2645,
30-Jul-2020,Aundh-Baner,1862,
30-Jul-2020,Kothrud-Bavdhan,2892,
30-Jul-2020,Warje-Karvenagar,3159,
30-Jul-2020,Sinhagad Road,3236,
30-Jul-2020,Dhankawadi-Sahakarnagar,3630,
30-Jul-2020,Kondhwa-Yewalewadi,2135,
30-Jul-2020,Shivajinagar-Ghole Road,2554,
30-Jul-2020,Kasba-Vishrambagwada,4570,
30-Jul-2020,Bhawani Peth,2944,
30-Jul-2020,Bibwewadi,3302,
30-Jul-2020,Dhole Patil,3941,
30-Jul-2020,Wanawadi-Ramtekdi,2458,
30-Jul-2020,Hadapsar-Mundhawa,4373,
30-Jul-2020,Yerwada-Kalas-Dhanori,3262,
30-Jul-2020,Nagar Road-Wadgaonsheri,2761,
31-Jul-2020,Aundh-Baner,1918,
31-Jul-2020,Kothrud-Bavdhan,2996,
31-Jul-2020,Warje-Karvenagar,3261,
31-Jul-2020,Sinhagad Road,3330,
31-Jul-2020,Dhankawadi-Sahakarnagar,3766,
31-Jul-2020,Kondhwa-Yewalewadi,2207,
31-Jul-2020,Shivajinagar-Ghole Road,2608,
31-Jul-2020,Kasba-Vishrambagwada,4670,
31-Jul-2020,Bhawani Peth,3004,
31-Jul-2020,Bibwewadi,3397,
31-Jul-2020,Dhole Patil,4005,
31-Jul-2020,Wanawadi-Ramtekdi,2510,
31-Jul-2020,Hadapsar-Mundhawa,4524,
31-Jul-2020,Yerwada-Kalas-Dhanori,3344,
31-Jul-2020,Nagar Road-Wadgaonsheri,2876,
1-Aug-2020,Aundh-Baner,1973,
1-Aug-2020,Kothrud-Bavdhan,3100,
1-Aug-2020,Warje-Karvenagar,3364,
1-Aug-2020,Sinhagad Road,3425,
1-Aug-2020,Dhankawadi-Sahakarnagar,3902,
1-Aug-2020,Kondhwa-Yewalewadi,2279,
1-Aug-2020,Shivajinagar-Ghole Road,2662,
1-Aug-2020,Kasba-Vishrambagwada,4770,
1-Aug-2020,Bhawani Peth,3065,
1-Aug-2020,Bibwewadi,3492,
1-Aug-2020,Dhole Patil,4070,
1-Aug-2020,Wanawadi-Ramtekdi,2563,
1-Aug-2020,Hadapsar-Mundhawa,4676,
1-Aug-2020,Yerwada-Kalas-Dhanori,3426,
1-Aug-2020,Nagar Road-Wadgaonsheri,2991,
2-Aug-2020,Aundh-Baner,2029,
2-Aug-2020,Kothrud-Bavdhan,3204,
2-Aug-2020,Warje-Karvenagar,3466,
2-Aug-2020,Sinhagad Road,3520,
2-Aug-2020,Dhankawadi-Sahakarnagar,4039,
2-Aug-2020,Kondhwa-Yewalewadi,2351,
2-Aug-2020,Shivajinagar-Ghole Road,2716,
2-Aug-2020,Kasba-Vishrambagwada,4870,
2-Aug-2020,Bhawani Peth,3126,
2-Aug-2020,Bibwewadi,3586,
2-Aug-2020,Dhole Patil,4134,
2-Aug-2020,Wanawadi-Ramtekdi,2615,
2-Aug-2020,Hadapsar-Mundhawa,4828,
2-Aug-2020,Yerwada-Kalas-Dhanori,3509,
2-Aug-2020,Nagar Road-Wadgaonsheri,3106,
3-Aug-2020,Aundh-Baner,2084,
3-Aug-2020,Kothrud-Bavdhan,3308,
3-Aug-2020,Warje-Karvenagar,3569,
3-Aug-2020,Sinhagad Road,3615,
3-Aug-2020,Dhankawadi-Sahakarnagar,4175,
3-Aug-2020,Kondhwa-Yewalewadi,2423,
3-Aug-2020,Shivajinagar-Ghole Road,2771,
3-Aug-2020,Kasba-Vishrambagwada,4970,
3-Aug-2020,Bhawani Peth,3187,
3-Aug-2020,Bibwewadi,3681,
3-Aug-2020,Dhole Patil,4199,
3-Aug-2020,Wanawadi-Ramtekdi,2668,
3-Aug-2020,Hadapsar-Mundhawa,4979,
3-Aug-2020,Yerwada-Kalas-Dhanori,3591,
3-Aug-2020,Nagar Road-Wadgaonsheri,3221,
4-Aug-2020,Aundh-Baner,2140,
4-Aug-2020,Kothrud-Bavdhan,3412,
4-Aug-2020,Warje-Karvenagar,3671,
4-Aug-2020,Sinhagad Road,3710,
4-Aug-2020,Dhankawadi-Sahakarnagar,4311,
4-Aug-2020,Kondhwa-Yewalewadi,2496,
4-Aug-2020,Shivajinagar-Ghole Road,2825,
4-Aug-2020,Kasba-Vishrambagwada,5070,
4-Aug-2020,Bhawani Peth,3248,
4-Aug-2020,Bibwewadi,3776,
4-Aug-2020,Dhole Patil,4263,
4-Aug-2020,Wanawadi-Ramtekdi,2721,
4-Aug-2020,Hadapsar-Mundhawa,5131,
4-Aug-2020,Yerwada-Kalas-Dhanori,3673,
4-Aug-2020,Nagar Road-Wadgaonsheri,3336,
5-Aug-2020,Aundh-Baner,2195,
5-Aug-2020,Kothrud-Bavdhan,3516,
5-Aug-2020,Warje-Karvenagar,3774,
5-Aug-2020,Sinhagad Road,3805,
5-Aug-2020,Dhankawadi-Sahakarnagar,4447,
5-Aug-2020,Kondhwa-Yewalewadi,2568,
5-Aug-2020,Shivajinagar-Ghole Road,2879,
5-Aug-2020,Kasba-Vishrambagwada,5170,
5-Aug-2020,Bhawani Peth,3309,
5-Aug-2020,Bibwewadi,3871,
5-Aug-2020,Dhole Patil,4328,
5-Aug-2020,Wanawadi-Ramtekdi,2773,
5-Aug-2020,Hadapsar-Mundhawa,5283,
5-Aug-2020,Yerwada-Kalas-Dhanori,3756,
5-Aug-2020,Nagar Road-Wadgaonsheri,3452,
6-Aug-2020,Aundh-Baner,2251,
6-Aug-2020,Kothrud-Bavdhan,3620,
6-Aug-2020,Warje-Karvenagar,3876,
6-Aug-2020,Sinhagad Road,3900,
6-Aug-2020,Dhankawadi-Sahakarnagar,4584,
6-Aug-2020,Kondhwa-Yewalewadi,2640,
6-Aug-2020,Shivajinagar-Ghole Road,2933,
6-Aug-2020,Kasba-Vishrambagwada,5270,
6-Aug-2020,Bhawani Peth,3369,
6-Aug-2020,Bibwewadi,3965,
6-Aug-2020,Dhole Patil,4392,
6-Aug-2020,Wanawadi-Ramtekdi,2826,
6-Aug-2020,Hadapsar-Mundhawa,5435,
6-Aug-2020,Yerwada-Kalas-Dhanori,3838,
6-Aug-2020,Nagar Road-Wadgaonsheri,3567,
7-Aug-2020,Aundh-Baner,2306,
7-Aug-2020,Kothrud-Bavdhan,3724,
7-Aug-2020,Warje-Karvenagar,3979,
7-Aug-2020,Sinhagad Road,3995,
7-Aug-2020,Dhankawadi-Sahakarnagar,4720,
7-Aug-2020,Kondhwa-Yewalewadi,2712,
7-Aug-2020,Shivajinagar-Ghole Road,2988,
7-Aug-2020,Kasba-Vishrambagwada,5370,
7-Aug-2020,Bhawani Peth,3430,
7-Aug-2020,Bibwewadi,4060,
7-Aug-2020,Dhole Patil,4457,
7-Aug-2020,Wanawadi-Ramtekdi,2878,
7-Aug-2020,Hadapsar-Mundhawa,5586,
7-Aug-2020,Yerwada-Kalas-Dhanori,3921,
7-Aug-2020,Nagar Road-Wadgaonsheri,3682,
8-Aug-2020,Aundh-Baner,2362,
8-Aug-2020,Kothrud-Bavdhan,3828,
8-Aug-2020,Warje-Karvenagar,4081,
8-Aug-2020,Sinhagad Road,4090,
8-Aug-2020,Dhankawadi-Sahakarnagar,4856,
8-Aug-2020,Kondhwa-Yewalewadi,2784,
8-Aug-2020,Shivajinagar-Ghole Road,3042,
8-Aug-2020,Kasba-Vishrambagwada,5470,
8-Aug-2020,Bhawani Peth,3491,
8-Aug-2020,Bibwewadi,4155,
8-Aug-2020,Dhole Patil,4521,
8-Aug-2020,Wanawadi-Ramtekdi,2931,
8-Aug-2020,Hadapsar-Mundhawa,5738,
8-Aug-2020,Yerwada-Kalas-Dhanori,4003,
8-Aug-2020,Nagar Road-Wadgaonsheri,3797,
9-Aug-2020,Aundh-Baner,2459,
9-Aug-2020,Kothrud-Bavdhan,3900,
9-Aug-2020,Warje-Karvenagar,4196,
9-Aug-2020,Sinhagad Road,4212,
9-Aug-2020,Dhankawadi-Sahakarnagar,4994,
9-Aug-2020,Kondhwa-Yewalewadi,2842,
9-Aug-2020,Shivajinagar-Ghole Road,3089,
9-Aug-2020,Kasba-Vishrambagwada,5549,
9-Aug-2020,Bhawani Peth,3569,
9-Aug-2020,Bibwewadi,4225,
9-Aug-2020,Dhole Patil,4588,
9-Aug-2020,Wanawadi-Ramtekdi,2996,
9-Aug-2020,Hadapsar-Mundhawa,5896,
9-Aug-2020,Yerwada-Kalas-Dhanori,4066,
9-Aug-2020,Nagar Road-Wadgaonsheri,3895,
10-Aug-2020,Aundh-Baner,2508,
10-Aug-2020,Kothrud-Bavdhan,3955,
10-Aug-2020,Warje-Karvenagar,4230,
10-Aug-2020,Sinhagad Road,4246,
10-Aug-2020,Dhankawadi-Sahakarnagar,5103,
10-Aug-2020,Kondhwa-Yewalewadi,2869,
10-Aug-2020,Shivajinagar-Ghole Road,3133,
10-Aug-2020,Kasba-Vishrambagwada,5599,
10-Aug-2020,Bhawani Peth,3624,
10-Aug-2020,Bibwewadi,4259,
10-Aug-2020,Dhole Patil,4619,
10-Aug-2020,Wanawadi-Ramtekdi,3037,
10-Aug-2020,Hadapsar-Mundhawa,5970,
10-Aug-2020,Yerwada-Kalas-Dhanori,4116,
10-Aug-2020,Nagar Road-Wadgaonsheri,3945,
11-Aug-2020,Aundh-Baner,2532,
11-Aug-2020,Kothrud-Bavdhan,3984,
11-Aug-2020,Warje-Karvenagar,4292,
11-Aug-2020,Sinhagad Road,4324,
11-Aug-2020,Dhankawadi-Sahakarnagar,5256,
11-Aug-2020,Kondhwa-Yewalewadi,2900,
11-Aug-2020,Shivajinagar-Ghole Road,3148,
11-Aug-2020,Kasba-Vishrambagwada,5674,
11-Aug-2020,Bhawani Peth,3673,
11-Aug-2020,Bibwewadi,4283,
11-Aug-2020,Dhole Patil,4663,
11-Aug-2020,Wanawadi-Ramtekdi,3082,
11-Aug-2020,Hadapsar-Mundhawa,6089,
11-Aug-2020,Yerwada-Kalas-Dhanori,4157,
11-Aug-2020,Nagar Road-Wadgaonsheri,4001,
12-Aug-2020,Aundh-Baner,2604,
12-Aug-2020,Kothrud-Bavdhan,4107,
12-Aug-2020,Warje-Karvenagar,4420,
12-Aug-2020,Sinhagad Road,4455,
12-Aug-2020,Dhankawadi-Sahakarnagar,5365,
12-Aug-2020,Kondhwa-Yewalewadi,2927,
12-Aug-2020,Shivajinagar-Ghole Road,3199,
12-Aug-2020,Kasba-Vishrambagwada,5736,
12-Aug-2020,Bhawani Peth,3732,
12-Aug-2020,Bibwewadi,4352,
12-Aug-2020,Dhole Patil,4715,
12-Aug-2020,Wanawadi-Ramtekdi,3151,
12-Aug-2020,Hadapsar-Mundhawa,6245,
12-Aug-2020,Yerwada-Kalas-Dhanori,4276,
12-Aug-2020,Nagar Road-Wadgaonsheri,4184,
13-Aug-2020,Aundh-Baner,2647,
13-Aug-2020,Kothrud-Bavdhan,4186,
13-Aug-2020,Warje-Karvenagar,4524,
13-Aug-2020,Sinhagad Road,4549,
13-Aug-2020,Dhankawadi-Sahakarnagar,5508,
13-Aug-2020,Kondhwa-Yewalewadi,2967,
13-Aug-2020,Shivajinagar-Ghole Road,3236,
13-Aug-2020,Kasba-Vishrambagwada,5775,
13-Aug-2020,Bhawani Peth,3768,
13-Aug-2020,Bibwewadi,4423,
13-Aug-2020,Dhole Patil,4751,
13-Aug-2020,Wanawadi-Ramtekdi,3175,
13-Aug-2020,Hadapsar-Mundhawa,6358,
13-Aug-2020,Yerwada-Kalas-Dhanori,4322,
13-Aug-2020,Nagar Road-Wadgaonsheri,4259,
14-Aug-2020,Aundh-Baner,2689,
14-Aug-2020,Kothrud-Bavdhan,4264,
14-Aug-2020,Warje-Karvenagar,4611,
14-Aug-2020,Sinhagad Road,4668,
14-Aug-2020,Dhankawadi-Sahakarnagar,5597,
14-Aug-2020,Kondhwa-Yewalewadi,3048,
14-Aug-2020,Shivajinagar-Ghole Road,3291,
14-Aug-2020,Kasba-Vishrambagwada,5873,
14-Aug-2020,Bhawani Peth,3840,
14-Aug-2020,Bibwewadi,4467,
14-Aug-2020,Dhole Patil,4802,
14-Aug-2020,Wanawadi-Ramtekdi,3199,
14-Aug-2020,Hadapsar-Mundhawa,6532,
14-Aug-2020,Yerwada-Kalas-Dhanori,4377,
14-Aug-2020,Nagar Road-Wadgaonsheri,4348,
15-Aug-2020,Aundh-Baner,2739,
15-Aug-2020,Kothrud-Bavdhan,4360,
15-Aug-2020,Warje-Karvenagar,4703,
15-Aug-2020,Sinhagad Road,4766,
15-Aug-2020,Dhankawadi-Sahakarnagar,5710,
15-Aug-2020,Kondhwa-Yewalewadi,3112,
15-Aug-2020,Shivajinagar-Ghole Road,3336,
15-Aug-2020,Kasba-Vishrambagwada,5904,
15-Aug-2020,Bhawani Peth,3860,
15-Aug-2020,Bibwewadi,4513,
15-Aug-2020,Dhole Patil,4850,
15-Aug-2020,Wanawadi-Ramtekdi,3233,
15-Aug-2020,Hadapsar-Mundhawa,6641,
15-Aug-2020,Yerwada-Kalas-Dhanori,4428,
15-Aug-2020,Nagar Road-Wadgaonsheri,4438,
16-Aug-2020,Aundh-Baner,2806,
16-Aug-2020,Kothrud-Bavdhan,4434,
16-Aug-2020,Warje-Karvenagar,4889,
16-Aug-2020,Sinhagad Road,4874,
16-Aug-2020,Dhankawadi-Sahakarnagar,5875,
16-Aug-2020,Kondhwa-Yewalewadi,3182,
16-Aug-2020,Shivajinagar-Ghole Road,3366,
16-Aug-2020,Kasba-Vishrambagwada,6014,
16-Aug-2020,Bhawani Peth,3932,
16-Aug-2020,Bibwewadi,4635,
16-Aug-2020,Dhole Patil,4891,
16-Aug-2020,Wanawadi-Ramtekdi,3275,
16-Aug-2020,Hadapsar-Mundhawa,6801,
16-Aug-2020,Yerwada-Kalas-Dhanori,4526,
16-Aug-2020,Nagar Road-Wadgaonsheri,4581,
17-Aug-2020,Aundh-Baner,2844,
17-Aug-2020,Kothrud-Bavdhan,4458,
17-Aug-2020,Warje-Karvenagar,4943,
17-Aug-2020,Sinhagad Road,4951,
17-Aug-2020,Dhankawadi-Sahakarnagar,6011,
17-Aug-2020,Kondhwa-Yewalewadi,3262,
17-Aug-2020,Shivajinagar-Ghole Road,3397,
17-Aug-2020,Kasba-Vishrambagwada,6049,
17-Aug-2020,Bhawani Peth,3944,
17-Aug-2020,Bibwewadi,4655,
17-Aug-2020,Dhole Patil,4913,
17-Aug-2020,Wanawadi-Ramtekdi,3314,
17-Aug-2020,Hadapsar-Mundhawa,6926,
17-Aug-2020,Yerwada-Kalas-Dhanori,4579,
17-Aug-2020,Nagar Road-Wadgaonsheri,4610,
18-Aug-2020,Aundh-Baner,2911,
18-Aug-2020,Kothrud-Bavdhan,4552,
18-Aug-2020,Warje-Karvenagar,4997,
18-Aug-2020,Sinhagad Road,5017,
18-Aug-2020,Dhankawadi-Sahakarnagar,6192,
18-Aug-2020,Kondhwa-Yewalewadi,3320,
18-Aug-2020,Shivajinagar-Ghole Road,3440,
18-Aug-2020,Kasba-Vishrambagwada,6141,
18-Aug-2020,Bhawani Peth,3983,
18-Aug-2020,Bibwewadi,4742,
18-Aug-2020,Dhole Patil,4946,
18-Aug-2020,Wanawadi-Ramtekdi,3359,
18-Aug-2020,Hadapsar-Mundhawa,6991,
18-Aug-2020,Yerwada-Kalas-Dhanori,4664,
18-Aug-2020,Nagar Road-Wadgaonsheri,4743,
19-Aug-2020,Aundh-Baner,2981,
19-Aug-2020,Kothrud-Bavdhan,4625,
19-Aug-2020,Warje-Karvenagar,5077,
19-Aug-2020,Sinhagad Road,5123,
19-Aug-2020,Dhankawadi-Sahakarnagar,6329,
19-Aug-2020,Kondhwa-Yewalewadi,3349,
19-Aug-2020,Shivajinagar-Ghole Road,3479,
19-Aug-2020,Kasba-Vishrambagwada,6268,
19-Aug-2020,Bhawani Peth,4024,
19-Aug-2020,Bibwewadi,4821,
19-Aug-2020,Dhole Patil,4981,
19-Aug-2020,Wanawadi-Ramtekdi,3409,
19-Aug-2020,Hadapsar-Mundhawa,7131,
19-Aug-2020,Yerwada-Kalas-Dhanori,4720,
19-Aug-2020,Nagar Road-Wadgaonsheri,4834,
20-Aug-2020,Aundh-Baner,3046,
20-Aug-2020,Kothrud-Bavdhan,4771,
20-Aug-2020,Warje-Karvenagar,5300,
20-Aug-2020,Sinhagad Road,5313,
20-Aug-2020,Dhankawadi-Sahakarnagar,6657,
20-Aug-2020,Kondhwa-Yewalewadi,3418,
20-Aug-2020,Shivajinagar-Ghole Road,3526,
20-Aug-2020,Kasba-Vishrambagwada,6436,
20-Aug-2020,Bhawani Peth,4112,
20-Aug-2020,Bibwewadi,4953,
20-Aug-2020,Dhole Patil,5026,
20-Aug-2020,Wanawadi-Ramtekdi,3457,
20-Aug-2020,Hadapsar-Mundhawa,7324,
20-Aug-2020,Yerwada-Kalas-Dhanori,4833,
20-Aug-2020,Nagar Road-Wadgaonsheri,5038,
21-Aug-2020,Aundh-Baner,3119,
21-Aug-2020,Kothrud-Bavdhan,4871,
21-Aug-2020,Warje-Karvenagar,5410,
21-Aug-2020,Sinhagad Road,5406,
21-Aug-2020,Dhankawadi-Sahakarnagar,6885,
21-Aug-2020,Kondhwa-Yewalewadi,3471,
21-Aug-2020,Shivajinagar-Ghole Road,3579,
21-Aug-2020,Kasba-Vishrambagwada,6552,
21-Aug-2020,Bhawani Peth,4160,
21-Aug-2020,Bibwewadi,5025,
21-Aug-2020,Dhole Patil,5068,
21-Aug-2020,Wanawadi-Ramtekdi,3533,
21-Aug-2020,Hadapsar-Mundhawa,7438,
21-Aug-2020,Yerwada-Kalas-Dhanori,4932,
21-Aug-2020,Nagar Road-Wadgaonsheri,5201,
22-Aug-2020,Aundh-Baner,3206,
22-Aug-2020,Kothrud-Bavdhan,4940,
22-Aug-2020,Warje-Karvenagar,5528,
22-Aug-2020,Sinhagad Road,5533,
22-Aug-2020,Dhankawadi-Sahakarnagar,7015,
22-Aug-2020,Kondhwa-Yewalewadi,3524,
22-Aug-2020,Shivajinagar-Ghole Road,3618,
22-Aug-2020,Kasba-Vishrambagwada,6669,
22-Aug-2020,Bhawani Peth,4229,
22-Aug-2020,Bibwewadi,5121,
22-Aug-2020,Dhole Patil,5150,
22-Aug-2020,Wanawadi-Ramtekdi,3589,
22-Aug-2020,Hadapsar-Mundhawa,7598,
22-Aug-2020,Yerwada-Kalas-Dhanori,5016,
22-Aug-2020,Nagar Road-Wadgaonsheri,5350,
23-Aug-2020,Aundh-Baner,3285,
23-Aug-2020,Kothrud-Bavdhan,5012,
23-Aug-2020,Warje-Karvenagar,5647,
23-Aug-2020,Sinhagad Road,5637,
23-Aug-2020,Dhankawadi-Sahakarnagar,7157,
23-Aug-2020,Kondhwa-Yewalewadi,3598,
23-Aug-2020,Shivajinagar-Ghole Road,3664,
23-Aug-2020,Kasba-Vishrambagwada,6762,
23-Aug-2020,Bhawani Peth,4282,
23-Aug-2020,Bibwewadi,5205,
23-Aug-2020,Dhole Patil,5205,
23-Aug-2020,Wanawadi-Ramtekdi,3632,
23-Aug-2020,Hadapsar-Mundhawa,7725,
23-Aug-2020,Yerwada-Kalas-Dhanori,5088,
23-Aug-2020,Nagar Road-Wadgaonsheri,5491,
24-Aug-2020,Aundh-Baner,3364,
24-Aug-2020,Kothrud-Bavdhan,5083,
24-Aug-2020,Warje-Karvenagar,5766,
24-Aug-2020,Sinhagad Road,5741,
24-Aug-2020,Dhankawadi-Sahakarnagar,7298,
24-Aug-2020,Kondhwa-Yewalewadi,3672,
24-Aug-2020,Shivajinagar-Ghole Road,3710,
24-Aug-2020,Kasba-Vishrambagwada,6854,
24-Aug-2020,Bhawani Peth,4334,
24-Aug-2020,Bibwewadi,5289,
24-Aug-2020,Dhole Patil,5261,
24-Aug-2020,Wanawadi-Ramtekdi,3674,
24-Aug-2020,Hadapsar-Mundhawa,7852,
24-Aug-2020,Yerwada-Kalas-Dhanori,5161,
24-Aug-2020,Nagar Road-Wadgaonsheri,5632,
25-Aug-2020,Aundh-Baner,3443,
25-Aug-2020,Kothrud-Bavdhan,5155,
25-Aug-2020,Warje-Karvenagar,5885,
25-Aug-2020,Sinhagad Road,5845,
25-Aug-2020,Dhankawadi-Sahakarnagar,7440,
25-Aug-2020,Kondhwa-Yewalewadi,3746,
25-Aug-2020,Shivajinagar-Ghole Road,3756,
25-Aug-2020,Kasba-Vishrambagwada,6947,
25-Aug-2020,Bhawani Peth,4387,
25-Aug-2020,Bibwewadi,5373,
25-Aug-2020,Dhole Patil,5316,
25-Aug-2020,Wanawadi-Ramtekdi,3717,
25-Aug-2020,Hadapsar-Mundhawa,7979,
25-Aug-2020,Yerwada-Kalas-Dhanori,5233,
25-Aug-2020,Nagar Road-Wadgaonsheri,5773,
26-Aug-2020,Aundh-Baner,3523,
26-Aug-2020,Kothrud-Bavdhan,5227,
26-Aug-2020,Warje-Karvenagar,6004,
26-Aug-2020,Sinhagad Road,5950,
26-Aug-2020,Dhankawadi-Sahakarnagar,7581,
26-Aug-2020,Kondhwa-Yewalewadi,3821,
26-Aug-2020,Shivajinagar-Ghole Road,3801,
26-Aug-2020,Kasba-Vishrambagwada,7039,
26-Aug-2020,Bhawani Peth,4439,
26-Aug-2020,Bibwewadi,5457,
26-Aug-2020,Dhole Patil,5372,
26-Aug-2020,Wanawadi-Ramtekdi,3759,
26-Aug-2020,Hadapsar-Mundhawa,8106,
26-Aug-2020,Yerwada-Kalas-Dhanori,5305,
26-Aug-2020,Nagar Road-Wadgaonsheri,5915,
27-Aug-2020,Aundh-Baner,3602,
27-Aug-2020,Kothrud-Bavdhan,5299,
27-Aug-2020,Warje-Karvenagar,6123,
27-Aug-2020,Sinhagad Road,6054,
27-Aug-2020,Dhankawadi-Sahakarnagar,7723,
27-Aug-2020,Kondhwa-Yewalewadi,3895,
27-Aug-2020,Shivajinagar-Ghole Road,3847,
27-Aug-2020,Kasba-Vishrambagwada,7132,
27-Aug-2020,Bhawani Peth,4492,
27-Aug-2020,Bibwewadi,5541,
27-Aug-2020,Dhole Patil,5427,
27-Aug-2020,Wanawadi-Ramtekdi,3802,
27-Aug-2020,Hadapsar-Mundhawa,8233,
27-Aug-2020,Yerwada-Kalas-Dhanori,5377,
27-Aug-2020,Nagar Road-Wadgaonsheri,6056,
28-Aug-2020,Aundh-Baner,3681,
28-Aug-2020,Kothrud-Bavdhan,5370,
28-Aug-2020,Warje-Karvenagar,6242,
28-Aug-2020,Sinhagad Road,6158,
28-Aug-2020,Dhankawadi-Sahakarnagar,7864,
28-Aug-2020,Kondhwa-Yewalewadi,3969,
28-Aug-2020,Shivajinagar-Ghole Road,3893,
28-Aug-2020,Kasba-Vishrambagwada,7224,
28-Aug-2020,Bhawani Peth,4544,
28-Aug-2020,Bibwewadi,5625,
28-Aug-2020,Dhole Patil,5483,
28-Aug-2020,Wanawadi-Ramtekdi,3844,
28-Aug-2020,Hadapsar-Mundhawa,8360,
28-Aug-2020,Yerwada-Kalas-Dhanori,5450,
28-Aug-2020,Nagar Road-Wadgaonsheri,6197,
29-Aug-2020,Aundh-Baner,3760,
29-Aug-2020,Kothrud-Bavdhan,5442,
29-Aug-2020,Warje-Karvenagar,6361,
29-Aug-2020,Sinhagad Road,6262,
29-Aug-2020,Dhankawadi-Sahakarnagar,8006,
29-Aug-2020,Kondhwa-Yewalewadi,4043,
29-Aug-2020,Shivajinagar-Ghole Road,3939,
29-Aug-2020,Kasba-Vishrambagwada,7317,
29-Aug-2020,Bhawani Peth,4597,
29-Aug-2020,Bibwewadi,5709,
29-Aug-2020,Dhole Patil,5538,
29-Aug-2020,Wanawadi-Ramtekdi,3887,
29-Aug-2020,Hadapsar-Mundhawa,8487,
29-Aug-2020,Yerwada-Kalas-Dhanori,5522,
29-Aug-2020,Nagar Road-Wadgaonsheri,6338,
30-Aug-2020,Aundh-Baner,3858,
30-Aug-2020,Kothrud-Bavdhan,5551,
30-Aug-2020,Warje-Karvenagar,6475,
30-Aug-2020,Sinhagad Road,6375,
30-Aug-2020,Dhankawadi-Sahakarnagar,8171,
30-Aug-2020,Kondhwa-Yewalewadi,4116,
30-Aug-2020,Shivajinagar-Ghole Road,4004,
30-Aug-2020,Kasba-Vishrambagwada,7460,
30-Aug-2020,Bhawani Peth,4678,
30-Aug-2020,Bibwewadi,5817,
30-Aug-2020,Dhole Patil,5584,
30-Aug-2020,Wanawadi-Ramtekdi,3953,
30-Aug-2020,Hadapsar-Mundhawa,8645,
30-Aug-2020,Yerwada-Kalas-Dhanori,5609,
30-Aug-2020,Nagar Road-Wadgaonsheri,6492,
31-Aug-2020,Aundh-Baner,3949,
31-Aug-2020,Kothrud-Bavdhan,5578,
31-Aug-2020,Warje-Karvenagar,6509,
31-Aug-2020,Sinhagad Road,6447,
31-Aug-2020,Dhankawadi-Sahakarnagar,8276,
31-Aug-2020,Kondhwa-Yewalewadi,4166,
31-Aug-2020,Shivajinagar-Ghole Road,4029,
31-Aug-2020,Kasba-Vishrambagwada,7493,
31-Aug-2020,Bhawani Peth,4691,
31-Aug-2020,Bibwewadi,5848,
31-Aug-2020,Dhole Patil,5613,
31-Aug-2020,Wanawadi-Ramtekdi,4018,
31-Aug-2020,Hadapsar-Mundhawa,8753,
31-Aug-2020,Yerwada-Kalas-Dhanori,5649,
31-Aug-2020,Nagar Road-Wadgaonsheri,6589,
1-Sep-2020,Aundh-Baner,4015,
1-Sep-2020,Kothrud-Bavdhan,5707,
1-Sep-2020,Warje-Karvenagar,6663,
1-Sep-2020,Sinhagad Road,6590,
1-Sep-2020,Dhankawadi-Sahakarnagar,8475,
1-Sep-2020,Kondhwa-Yewalewadi,4258,
1-Sep-2020,Shivajinagar-Ghole Road,4068,
1-Sep-2020,Kasba-Vishrambagwada,7657,
1-Sep-2020,Bhawani Peth,4754,
1-Sep-2020,Bibwewadi,5962,
1-Sep-2020,Dhole Patil,5647,
1-Sep-2020,Wanawadi-Ramtekdi,4055,
1-Sep-2020,Hadapsar-Mundhawa,8923,
1-Sep-2020,Yerwada-Kalas-Dhanori,5714,
1-Sep-2020,Nagar Road-Wadgaonsheri,6753,
2-Sep-2020,Aundh-Baner,4098,
2-Sep-2020,Kothrud-Bavdhan,5817,
2-Sep-2020,Warje-Karvenagar,6764,
2-Sep-2020,Sinhagad Road,6704,
2-Sep-2020,Dhankawadi-Sahakarnagar,8647,
2-Sep-2020,Kondhwa-Yewalewadi,4367,
2-Sep-2020,Shivajinagar-Ghole Road,4098,
2-Sep-2020,Kasba-Vishrambagwada,7782,
2-Sep-2020,Bhawani Peth,4808,
2-Sep-2020,Bibwewadi,6102,
2-Sep-2020,Dhole Patil,5701,
2-Sep-2020,Wanawadi-Ramtekdi,4096,
2-Sep-2020,Hadapsar-Mundhawa,9059,
2-Sep-2020,Yerwada-Kalas-Dhanori,5805,
2-Sep-2020,Nagar Road-Wadgaonsheri,6925,
3-Sep-2020,Aundh-Baner,4182,
3-Sep-2020,Kothrud-Bavdhan,5913,
3-Sep-2020,Warje-Karvenagar,6965,
3-Sep-2020,Sinhagad Road,6850,
3-Sep-2020,Dhankawadi-Sahakarnagar,8780,
3-Sep-2020,Kondhwa-Yewalewadi,4459,
3-Sep-2020,Shivajinagar-Ghole Road,4173,
3-Sep-2020,Kasba-Vishrambagwada,7898,
3-Sep-2020,Bhawani Peth,4868,
3-Sep-2020,Bibwewadi,6193,
3-Sep-2020,Dhole Patil,5783,
3-Sep-2020,Wanawadi-Ramtekdi,4149,
3-Sep-2020,Hadapsar-Mundhawa,9269,
3-Sep-2020,Yerwada-Kalas-Dhanori,5870,
3-Sep-2020,Nagar Road-Wadgaonsheri,7090,
4-Sep-2020,Aundh-Baner,4266,
4-Sep-2020,Kothrud-Bavdhan,6037,
4-Sep-2020,Warje-Karvenagar,7094,
4-Sep-2020,Sinhagad Road,6968,
4-Sep-2020,Dhankawadi-Sahakarnagar,8986,
4-Sep-2020,Kondhwa-Yewalewadi,4532,
4-Sep-2020,Shivajinagar-Ghole Road,4226,
4-Sep-2020,Kasba-Vishrambagwada,8015,
4-Sep-2020,Bhawani Peth,4932,
4-Sep-2020,Bibwewadi,6298,
4-Sep-2020,Dhole Patil,5832,
4-Sep-2020,Wanawadi-Ramtekdi,4199,
4-Sep-2020,Hadapsar-Mundhawa,9426,
4-Sep-2020,Yerwada-Kalas-Dhanori,5937,
4-Sep-2020,Nagar Road-Wadgaonsheri,7243,
5-Sep-2020,Aundh-Baner,4362,
5-Sep-2020,Kothrud-Bavdhan,6174,
5-Sep-2020,Warje-Karvenagar,7283,
5-Sep-2020,Sinhagad Road,7102,
5-Sep-2020,Dhankawadi-Sahakarnagar,9160,
5-Sep-2020,Kondhwa-Yewalewadi,4595,
5-Sep-2020,Shivajinagar-Ghole Road,4297,
5-Sep-2020,Kasba-Vishrambagwada,8156,
5-Sep-2020,Bhawani Peth,5009,
5-Sep-2020,Bibwewadi,6384,
5-Sep-2020,Dhole Patil,5876,
5-Sep-2020,Wanawadi-Ramtekdi,4249,
5-Sep-2020,Hadapsar-Mundhawa,9577,
5-Sep-2020,Yerwada-Kalas-Dhanori,6017,
5-Sep-2020,Nagar Road-Wadgaonsheri,7381,
6-Sep-2020,Aundh-Baner,4472,
6-Sep-2020,Kothrud-Bavdhan,6310,
6-Sep-2020,Warje-Karvenagar,7450,
6-Sep-2020,Sinhagad Road,7310,
6-Sep-2020,Dhankawadi-Sahakarnagar,9361,
6-Sep-2020,Kondhwa-Yewalewadi,4708,
6-Sep-2020,Shivajinagar-Ghole Road,4363,
6-Sep-2020,Kasba-Vishrambagwada,8328,
6-Sep-2020,Bhawani Peth,5086,
6-Sep-2020,Bibwewadi,6541,
6-Sep-2020,Dhole Patil,5934,
6-Sep-2020,Wanawadi-Ramtekdi,4313,
6-Sep-2020,Hadapsar-Mundhawa,9761,
6-Sep-2020,Yerwada-Kalas-Dhanori,6128,
6-Sep-2020,Nagar Road-Wadgaonsheri,7558,
7-Sep-2020,Aundh-Baner,4554,
7-Sep-2020,Kothrud-Bavdhan,6429,
7-Sep-2020,Warje-Karvenagar,7556,
7-Sep-2020,Sinhagad Road,7404,
7-Sep-2020,Dhankawadi-Sahakarnagar,9553,
7-Sep-2020,Kondhwa-Yewalewadi,4794,
7-Sep-2020,Shivajinagar-Ghole Road,4443,
7-Sep-2020,Kasba-Vishrambagwada,8406,
7-Sep-2020,Bhawani Peth,5121,
7-Sep-2020,Bibwewadi,6629,
7-Sep-2020,Dhole Patil,5973,
7-Sep-2020,Wanawadi-Ramtekdi,4410,
7-Sep-2020,Hadapsar-Mundhawa,9926,
7-Sep-2020,Yerwada-Kalas-Dhanori,6227,
7-Sep-2020,Nagar Road-Wadgaonsheri,7712,
8-Sep-2020,Aundh-Baner,4609,
8-Sep-2020,Kothrud-Bavdhan,6502,
8-Sep-2020,Warje-Karvenagar,7707,
8-Sep-2020,Sinhagad Road,7643,
8-Sep-2020,Dhankawadi-Sahakarnagar,9808,
8-Sep-2020,Kondhwa-Yewalewadi,4933,
8-Sep-2020,Shivajinagar-Ghole Road,4488,
8-Sep-2020,Kasba-Vishrambagwada,8507,
8-Sep-2020,Bhawani Peth,5150,
8-Sep-2020,Bibwewadi,6707,
8-Sep-2020,Dhole Patil,6014,
8-Sep-2020,Wanawadi-Ramtekdi,4451,
8-Sep-2020,Hadapsar-Mundhawa,10174,
8-Sep-2020,Yerwada-Kalas-Dhanori,6300,
8-Sep-2020,Nagar Road-Wadgaonsheri,7860,
9-Sep-2020,Aundh-Baner,4703,
9-Sep-2020,Kothrud-Bavdhan,6677,
9-Sep-2020,Warje-Karvenagar,7912,
9-Sep-2020,Sinhagad Road,7784,
9-Sep-2020,Dhankawadi-Sahakarnagar,10072,
9-Sep-2020,Kondhwa-Yewalewadi,5022,
9-Sep-2020,Shivajinagar-Ghole Road,4576,
9-Sep-2020,Kasba-Vishrambagwada,8657,
9-Sep-2020,Bhawani Peth,5227,
9-Sep-2020,Bibwewadi,6861,
9-Sep-2020,Dhole Patil,6082,
9-Sep-2020,Wanawadi-Ramtekdi,4480,
9-Sep-2020,Hadapsar-Mundhawa,10397,
9-Sep-2020,Yerwada-Kalas-Dhanori,6386,
9-Sep-2020,Nagar Road-Wadgaonsheri,8016,
10-Sep-2020,Aundh-Baner,4808,
10-Sep-2020,Kothrud-Bavdhan,6813,
10-Sep-2020,Warje-Karvenagar,8075,
10-Sep-2020,Sinhagad Road,7912,
10-Sep-2020,Dhankawadi-Sahakarnagar,10233,
10-Sep-2020,Kondhwa-Yewalewadi,5112,
10-Sep-2020,Shivajinagar-Ghole Road,4638,
10-Sep-2020,Kasba-Vishrambagwada,8895,
10-Sep-2020,Bhawani Peth,5349,
10-Sep-2020,Bibwewadi,6992,
10-Sep-2020,Dhole Patil,6134,
10-Sep-2020,Wanawadi-Ramtekdi,4495,
10-Sep-2020,Hadapsar-Mundhawa,10596,
10-Sep-2020,Yerwada-Kalas-Dhanori,6462,
10-Sep-2020,Nagar Road-Wadgaonsheri,8143,
11-Sep-2020,Aundh-Baner,4939,
11-Sep-2020,Kothrud-Bavdhan,6974,
11-Sep-2020,Warje-Karvenagar,8306,
11-Sep-2020,Sinhagad Road,8109,
11-Sep-2020,Dhankawadi-Sahakarnagar,10379,
11-Sep-2020,Kondhwa-Yewalewadi,5195,
11-Sep-2020,Shivajinagar-Ghole Road,4710,
11-Sep-2020,Kasba-Vishrambagwada,9036,
11-Sep-2020,Bhawani Peth,5429,
11-Sep-2020,Bibwewadi,7078,
11-Sep-2020,Dhole Patil,6189,
11-Sep-2020,Wanawadi-Ramtekdi,4570,
11-Sep-2020,Hadapsar-Mundhawa,10755,
11-Sep-2020,Yerwada-Kalas-Dhanori,6539,
11-Sep-2020,Nagar Road-Wadgaonsheri,8296,
12-Sep-2020,Aundh-Baner,5023,
12-Sep-2020,Kothrud-Bavdhan,7121,
12-Sep-2020,Warje-Karvenagar,8457,
12-Sep-2020,Sinhagad Road,8267,
12-Sep-2020,Dhankawadi-Sahakarnagar,10612,
12-Sep-2020,Kondhwa-Yewalewadi,5265,
12-Sep-2020,Shivajinagar-Ghole Road,4790,
12-Sep-2020,Kasba-Vishrambagwada,9186,
12-Sep-2020,Bhawani Peth,5528,
12-Sep-2020,Bibwewadi,7192,
12-Sep-2020,Dhole Patil,6232,
12-Sep-2020,Wanawadi-Ramtekdi,4635,
12-Sep-2020,Hadapsar-Mundhawa,10935,
12-Sep-2020,Yerwada-Kalas-Dhanori,6606,
12-Sep-2020,Nagar Road-Wadgaonsheri,8456,